infinitivo,ending,stem,pensyl,prePensyl,posPensyl,pronoun,tense,mood,class_suff,class_pensyl,class_prePensyl,class_posPensyl,conjugacion
agregar,ar,g,gre,g,re,yo,0,0,o,0,NULL,0,agrego
admirar,ar,r,mi,NULL,mi,yo,0,0,o,0,NULL,0,admiro
admitir,ir,t,mi,NULL,mi,yo,0,0,o,0,NULL,0,admito
aconsejar,ar,j,se,NULL,se,yo,0,0,o,0,NULL,0,aconsejo
afrontar,ar,t,fron,f,ron,yo,0,0,o,0,NULL,0,afronto
estar,ar,t,es,NULL,es,yo,0,0,oy,0,NULL,0,estoy
alertar,ar,t,ler,l,er,yo,0,0,o,0,NULL,0,alerto
permitir,ir,t,mi,NULL,mi,yo,0,0,o,0,NULL,0,permito
entretener,er,n,te,NULL,te,yo,0,0,go,ten,t,en,entretengo
analizar,ar,z,li,NULL,li,yo,0,0,o,0,NULL,0,analizo
anunciar,ar,ci,nun,n,un,yo,0,0,o,0,NULL,0,anuncio
molestar,ar,t,les,l,es,yo,0,0,o,0,NULL,0,molesto
contestar,ar,t,tes,t,es,yo,0,0,o,0,NULL,0,contesto
disculpar,ar,p,cul,c,ul,yo,0,0,o,0,NULL,0,disculpo
aparecer,er,c,re,NULL,re,yo,0,0,o,rez,r,ez,aparezco
aplaudir,ir,d,plau,p,lau,yo,0,0,o,0,NULL,0,aplaudo
apreciar,ar,ci,pre,p,re,yo,0,0,o,0,NULL,0,aprecio
aprobar,ar,b,pro,p,ro,yo,0,0,o,prue,p,rue,apruebo
discutir,ir,t,cu,NULL,cu,yo,0,0,o,0,NULL,0,discuto
arreglar,ar,gl,rre,r,re,yo,0,0,o,0,NULL,0,arreglo
arrestar,ar,t,rres,r,res,yo,0,0,o,0,NULL,0,arresto
llegar,ar,g,lle,l,le,yo,0,0,o,0,NULL,0,llego
preguntar,ar,t,gun,g,un,yo,0,0,o,0,NULL,0,pregunto
adjuntar,ar,t,jun,j,un,yo,0,0,o,0,NULL,0,adjunto
atacar,ar,c,ta,NULL,ta,yo,0,0,o,0,NULL,0,ataco
intentar,ar,t,ten,t,en,yo,0,0,o,0,NULL,0,intento
asistir,ir,t,sis,s,is,yo,0,0,o,0,NULL,0,asisto
atraer,er,NULL,tra,t,ra,yo,0,0,go,trai,t,rai,atraigo
evitar,ar,t,vi,NULL,vi,yo,0,0,o,0,NULL,0,evito
apoyar,ar,y,po,NULL,po,yo,0,0,o,0,NULL,0,apoyo
hornear,ar,NULL,ne,NULL,ne,yo,0,0,o,0,NULL,0,horneo
prohibir,ir,b,hi,NULL,hi,yo,0,0,o,hí,NULL,hí,prohíbo
rogar,ar,g,ro,NULL,ro,yo,0,0,o,rue,r,ue,ruego
pertenecer,er,c,ne,NULL,ne,yo,0,0,o,nez,n,ez,pertenezco
bendecir,ir,c,de,NULL,de,yo,0,0,go,di,NULL,di,bendigo
enceguecer,er,c,gue,g,ue,yo,0,0,o,guez,g,uez,enceguezco
hervir,ir,v,her,h,er,yo,0,0,o,hier,h,ier,hiervo
calcular,ar,l,cu,NULL,cu,yo,0,0,o,0,NULL,0,calculo
acampar,ar,p,cam,c,am,yo,0,0,o,0,NULL,0,acampo
cuidar,ar,d,cui,c,ui,yo,0,0,o,0,NULL,0,cuido
causar,ar,s,cau,c,au,yo,0,0,o,0,NULL,0,causo
desafiar,ar,fi,sa,NULL,sa,yo,0,0,fío,0,NULL,0,desafío
cambiar,ar,bi,cam,c,am,yo,0,0,o,0,NULL,0,cambio
cargar,ar,g,car,c,ar,yo,0,0,o,0,NULL,0,cargo
cazar,ar,z,ca,NULL,ca,yo,0,0,o,0,NULL,0,cazo
engañar,ar,ñ,ga,NULL,ga,yo,0,0,o,0,NULL,0,engaño
verificar,ar,c,fi,NULL,fi,yo,0,0,o,0,NULL,0,verifico
alegrar,ar,gr,le,NULL,le,yo,0,0,o,0,NULL,0,alegro
mascar,ar,c,mas,m,as,yo,0,0,o,0,NULL,0,masco
reclamar,ar,m,cla,c,la,yo,0,0,o,0,NULL,0,reclamo
limpiar,ar,pi,lim,l,im,yo,0,0,o,0,NULL,0,limpio
aclarar,ar,r,cla,c,la,yo,0,0,o,0,NULL,0,aclaro
cerrar,ar,rr,ce,NULL,ce,yo,0,0,o,cie,c,ie,cierro
cobrar,ar,br,co,NULL,co,yo,0,0,o,0,NULL,0,cobro
coleccionar,ar,n,cio,c,io,yo,0,0,o,0,NULL,0,colecciono
peinar,ar,n,pei,p,ei,yo,0,0,o,0,NULL,0,peino
comparar,ar,r,pa,NULL,pa,yo,0,0,o,0,NULL,0,comparo
competir,ir,t,pe,NULL,pe,yo,0,0,o,pi,NULL,pi,compito
completar,ar,t,ple,p,le,yo,0,0,o,0,NULL,0,completo
concernir,ir,n,cer,c,er,yo,0,0,-,-,-,-,-
confesar,ar,s,fe,NULL,fe,yo,0,0,o,fie,f,ie,confieso
confundir,ir,d,fun,f,un,yo,0,0,o,0,NULL,0,confundo
conectar,ar,t,nec,n,ec,yo,0,0,o,0,NULL,0,conecto
considerar,ar,r,de,NULL,de,yo,0,0,o,0,NULL,0,considero
consistir,ir,t,sis,s,is,yo,0,0,o,0,NULL,0,consisto
contener,er,n,te,NULL,te,yo,0,0,go,ten,t,en,contengo
continuar,ar,nu,ti,NULL,ti,yo,0,0,núo,0,NULL,0,continúo
copiar,ar,pi,co,NULL,co,yo,0,0,o,0,NULL,0,copio
corregir,ir,g,rre,r,re,yo,0,0,jo,rri,r,ri,corrijo
toser,er,s,to,NULL,to,yo,0,0,o,0,NULL,0,toso
contar,ar,t,con,c,on,yo,0,0,o,cuen,c,uen,cuento
cubrir,ir,br,cu,NULL,cu,yo,0,0,o,0,NULL,0,cubro
rajar,ar,j,ra,NULL,ra,yo,0,0,o,0,NULL,0,rajo
embestir,ir,t,bes,b,es,yo,0,0,o,bis,b,is,embisto
cruzar,ar,z,cru,c,ru,yo,0,0,o,0,NULL,0,cruzo
aplastar,ar,t,plas,p,las,yo,0,0,o,0,NULL,0,aplasto
gritar,ar,t,gri,g,ri,yo,0,0,o,0,NULL,0,grito
llorar,ar,r,llo,l,lo,yo,0,0,o,0,NULL,0,lloro
curar,ar,r,cu,NULL,cu,yo,0,0,o,0,NULL,0,curo
curvar,ar,v,cur,c,ur,yo,0,0,o,0,NULL,0,curvo
pasear,ar,NULL,se,NULL,se,yo,0,0,o,0,NULL,0,paseo
dañar,ar,ñ,da,NULL,da,yo,0,0,o,0,NULL,0,daño
bailar,ar,l,bai,b,ai,yo,0,0,o,0,NULL,0,bailo
decidir,ir,d,ci,NULL,ci,yo,0,0,o,0,NULL,0,decido
decorar,ar,r,co,NULL,co,yo,0,0,o,0,NULL,0,decoro
demorar,ar,r,mo,NULL,mo,yo,0,0,o,0,NULL,0,demoro
suprimir,ir,m,pri,p,ri,yo,0,0,o,0,NULL,0,suprimo
eliminar,ar,n,mi,NULL,mi,yo,0,0,o,0,NULL,0,elimino
borrar,ar,rr,bo,NULL,bo,yo,0,0,o,0,NULL,0,borro
deleitar,ar,t,lei,l,ei,yo,0,0,o,0,NULL,0,deleito
repartir,ir,t,par,p,ar,yo,0,0,o,0,NULL,0,reparto
depender,er,d,pen,p,en,yo,0,0,o,0,NULL,0,dependo
describir,ir,b,cri,c,ri,yo,0,0,o,0,NULL,0,describo
merecer,er,c,re,NULL,re,yo,0,0,o,rez,r,ez,merezco
destruir,ir,tru,des,d,es,yo,0,0,yo,0,NULL,0,destruyo
detectar,ar,t,tec,t,ec,yo,0,0,o,0,NULL,0,detecto
desarrollar,ar,ll,rro,r,ro,yo,0,0,o,0,NULL,0,desarrollo
restar,ar,t,res,r,es,yo,0,0,o,0,NULL,0,resto
desaparecer,er,c,re,NULL,re,yo,0,0,o,rez,r,ez,desaparezco
descubrir,ir,br,cu,NULL,cu,yo,0,0,o,0,NULL,0,descubro
disgustar,ar,t,gus,g,us,yo,0,0,o,0,NULL,0,disgusto
dividir,ir,d,vi,NULL,vi,yo,0,0,o,0,NULL,0,divido
duplicar,ar,c,pli,p,li,yo,0,0,o,0,NULL,0,duplico
dudar,ar,d,du,NULL,du,yo,0,0,o,0,NULL,0,dudo
soñar,ar,ñ,so,NULL,so,yo,0,0,o,sue,s,ue,sueño
vestir,ir,t,ves,v,es,yo,0,0,o,vis,v,is,visto
dejar,ar,j,de,NULL,de,yo,0,0,o,0,NULL,0,dejo
caer,er,NULL,ca,NULL,ca,yo,0,0,go,cai,c,ai,caigo
ahogar,ar,g,ho,NULL,ho,yo,0,0,o,0,NULL,0,ahogo
secar,ar,c,se,NULL,se,yo,0,0,o,0,NULL,0,seco
ganar,ar,n,ga,NULL,ga,yo,0,0,o,0,NULL,0,gano
educar,ar,c,du,NULL,du,yo,0,0,o,0,NULL,0,educo
avergonzar,ar,z,gon,g,on,yo,0,0,o,güen,g,üen,avergüenzo
emplear,ar,NULL,ple,p,le,yo,0,0,o,0,NULL,0,empleo
vaciar,ar,ci,va,NULL,va,yo,0,0,cío,0,NULL,0,vacío
alentar,ar,t,len,l,en,yo,0,0,o,lien,l,ien,aliento
finalizar,ar,z,li,NULL,li,yo,0,0,o,0,NULL,0,finalizo
disfrutar,ar,t,fru,f,ru,yo,0,0,o,0,NULL,0,disfruto
ingresar,ar,s,gre,g,re,yo,0,0,o,0,NULL,0,ingreso
huir,ir,hu,NULL,N,ULL,yo,0,0,yo,-,-,-,huyo
examinar,ar,n,mi,NULL,mi,yo,0,0,o,0,NULL,0,examino
excitar,ar,t,ci,NULL,ci,yo,0,0,o,0,NULL,0,excito
ejercitar,ar,t,ci,NULL,ci,yo,0,0,o,0,NULL,0,ejercito
existir,ir,t,xis,x,is,yo,0,0,o,0,NULL,0,existo
expandir,ir,d,pan,p,an,yo,0,0,o,0,NULL,0,expando
esperar,ar,r,pe,NULL,pe,yo,0,0,o,0,NULL,0,espero
explicar,ar,c,pli,p,li,yo,0,0,o,0,NULL,0,explico
explotar,ar,t,plo,p,lo,yo,0,0,o,0,NULL,0,exploto
extender,er,d,ten,t,en,yo,0,0,o,tien,t,ien,extiendo
enfrentar,ar,t,fren,f,ren,yo,0,0,o,0,NULL,0,enfrento
fracasar,ar,s,ca,NULL,ca,yo,0,0,o,0,NULL,0,fracaso
imaginar,ar,n,gi,NULL,gi,yo,0,0,o,0,NULL,0,imagino
desear,ar,NULL,se,NULL,se,yo,0,0,o,0,NULL,0,deseo
atar,ar,t,a,NULL,a,yo,0,0,o,0,NULL,0,ato
enviar,ar,vi,en,NULL,en,yo,0,0,vío,0,NULL,0,envío
temer,er,m,te,NULL,te,yo,0,0,o,0,NULL,0,temo
ir,ir,NULL,NULL,N,ULL,yo,0,0,voy,-,-,-,voy
archivar,ar,v,chi,c,hi,yo,0,0,o,0,NULL,0,archivo
llenar,ar,n,lle,l,le,yo,0,0,o,0,NULL,0,lleno
filmar,ar,m,fil,f,il,yo,0,0,o,0,NULL,0,filmo
disparar,ar,r,pa,NULL,pa,yo,0,0,o,0,NULL,0,disparo
despedir,ir,d,pe,NULL,pe,yo,0,0,o,pi,NULL,pi,despido
caber,er,b,ca,NULL,ca,yo,0,0,po,que,q,ue,quepo
encajar,ar,j,ca,NULL,ca,yo,0,0,o,0,NULL,0,encajo
reparar,ar,r,pa,NULL,pa,yo,0,0,o,0,NULL,0,reparo
brillar,ar,ll,bri,b,ri,yo,0,0,o,0,NULL,0,brillo
centellear,ar,NULL,lle,l,le,yo,0,0,o,0,NULL,0,centelleo
flotar,ar,t,flo,f,lo,yo,0,0,o,0,NULL,0,floto
fluir,ir,flu,NULL,N,ULL,yo,0,0,yo,-,-,-,fluyo
circular,ar,l,cu,NULL,cu,yo,0,0,o,0,NULL,0,circulo
florecer,er,c,re,NULL,re,yo,0,0,o,rez,r,ez,florezco
doblar,ar,bl,do,NULL,do,yo,0,0,o,0,NULL,0,doblo
seguir,ir,gu,se,NULL,se,yo,0,0,go,si,NULL,si,sigo
forzar,ar,z,for,f,or,yo,0,0,o,fuer,f,uer,fuerzo
formar,ar,m,for,f,or,yo,0,0,o,0,NULL,0,formo
fundar,ar,d,fun,f,un,yo,0,0,o,0,NULL,0,fundo
enmarcar,ar,c,mar,m,ar,yo,0,0,o,0,NULL,0,enmarco
asustar,ar,t,sus,s,us,yo,0,0,o,0,NULL,0,asusto
recoger,er,g,co,NULL,co,yo,0,0,jo,0,NULL,0,recojo
saludar,ar,d,lu,NULL,lu,yo,0,0,o,0,NULL,0,saludo
engrasar,ar,s,gra,g,ra,yo,0,0,o,0,NULL,0,engraso
gruñir,ir,ñ,gru,g,ru,yo,0,0,o,0,NULL,0,gruño
adivinar,ar,n,vi,NULL,vi,yo,0,0,o,0,NULL,0,adivino
guiar,ar,gui,NULL,N,ULL,yo,0,0,guío,-,-,-,guío
martillar,ar,ll,ti,NULL,ti,yo,0,0,o,0,NULL,0,martillo
pasar,ar,s,pa,NULL,pa,yo,0,0,o,0,NULL,0,paso
entregar,ar,g,tre,t,re,yo,0,0,o,0,NULL,0,entrego
colgar,ar,g,col,c,ol,yo,0,0,o,cuel,c,uel,cuelgo
ahorcar,ar,c,hor,h,or,yo,0,0,o,0,NULL,0,ahorco
suceder,er,d,ce,NULL,ce,yo,0,0,o,0,NULL,0,sucedo
odiar,ar,di,o,NULL,o,yo,0,0,o,0,NULL,0,odio
encabezar,ar,z,be,NULL,be,yo,0,0,o,0,NULL,0,encabezo
calentar,ar,t,len,l,en,yo,0,0,o,lien,l,ien,caliento
ayudar,ar,d,yu,NULL,yu,yo,0,0,o,0,NULL,0,ayudo
abrazar,ar,z,bra,b,ra,yo,0,0,o,0,NULL,0,abrazo
identificar,ar,c,fi,NULL,fi,yo,0,0,o,0,NULL,0,identifico
ignorar,ar,r,no,NULL,no,yo,0,0,o,0,NULL,0,ignoro
impresionar,ar,n,sio,s,io,yo,0,0,o,0,NULL,0,impresiono
mejorar,ar,r,jo,NULL,jo,yo,0,0,o,0,NULL,0,mejoro
incluir,ir,clu,in,NULL,in,yo,0,0,yo,0,NULL,0,incluyo
aumentar,ar,t,men,m,en,yo,0,0,o,0,NULL,0,aumento
influenciar,ar,ci,fluen,f,luen,yo,0,0,o,0,NULL,0,influencio
informar,ar,m,for,f,or,yo,0,0,o,0,NULL,0,informo
inyectar,ar,t,yec,y,ec,yo,0,0,o,0,NULL,0,inyecto
herir,ir,r,he,NULL,he,yo,0,0,o,hie,h,ie,hiero
presentar,ar,t,sen,s,en,yo,0,0,o,0,NULL,0,presento
instruir,ir,tru,ins,i,ns,yo,0,0,yo,0,NULL,0,instruyo
interesar,ar,s,re,NULL,re,yo,0,0,o,0,NULL,0,intereso
interferir,ir,r,fe,NULL,fe,yo,0,0,o,fie,f,ie,interfiero
interrumpir,ir,p,rrum,r,rum,yo,0,0,o,0,NULL,0,interrumpo
inventar,ar,t,ven,v,en,yo,0,0,o,0,NULL,0,invento
invitar,ar,t,vi,NULL,vi,yo,0,0,o,0,NULL,0,invito
irritar,ar,t,rri,r,ri,yo,0,0,o,0,NULL,0,irrito
encarcelar,ar,l,ce,NULL,ce,yo,0,0,o,0,NULL,0,encarcelo
unir,ir,n,u,NULL,u,yo,0,0,o,0,NULL,0,uno
juntar,ar,t,jun,j,un,yo,0,0,o,0,NULL,0,junto
bromear,ar,NULL,me,NULL,me,yo,0,0,o,0,NULL,0,bromeo
juzgar,ar,g,juz,j,uz,yo,0,0,o,0,NULL,0,juzgo
saltar,ar,t,sal,s,al,yo,0,0,o,0,NULL,0,salto
patear,ar,NULL,te,NULL,te,yo,0,0,o,0,NULL,0,pateo
matar,ar,t,ma,NULL,ma,yo,0,0,o,0,NULL,0,mato
besar,ar,s,be,NULL,be,yo,0,0,o,0,NULL,0,beso
tejer,er,j,te,NULL,te,yo,0,0,o,0,NULL,0,tejo
golpear,ar,NULL,pe,NULL,pe,yo,0,0,o,0,NULL,0,golpeo
anudar,ar,d,nu,NULL,nu,yo,0,0,o,0,NULL,0,anudo
etiquetar,ar,t,que,q,ue,yo,0,0,o,0,NULL,0,etiqueto
aterrizar,ar,z,rri,r,ri,yo,0,0,o,0,NULL,0,aterrizo
durar,ar,r,du,NULL,du,yo,0,0,o,0,NULL,0,duro
lanzar,ar,z,lan,l,an,yo,0,0,o,0,NULL,0,lanzo
nivelar,ar,l,ve,NULL,ve,yo,0,0,o,0,NULL,0,nivelo
lamer,er,m,la,NULL,la,yo,0,0,o,0,NULL,0,lamo
iluminar,ar,n,mi,NULL,mi,yo,0,0,o,0,NULL,0,ilumino
gustar,ar,t,gus,g,us,yo,0,0,o,0,NULL,0,gusto
listar,ar,t,lis,l,is,yo,0,0,o,0,NULL,0,listo
escuchar,ar,ch,cu,NULL,cu,yo,0,0,o,0,NULL,0,escucho
vivir,ir,v,vi,NULL,vi,yo,0,0,o,0,NULL,0,vivo
mirar,ar,r,mi,NULL,mi,yo,0,0,o,0,NULL,0,miro
amar,ar,m,a,NULL,a,yo,0,0,o,0,NULL,0,amo
administrar,ar,tr,nis,n,is,yo,0,0,o,0,NULL,0,administro
marchar,ar,ch,mar,m,ar,yo,0,0,o,0,NULL,0,marcho
marcar,ar,c,mar,m,ar,yo,0,0,o,0,NULL,0,marco
hacer,er,c,ha,NULL,ha,yo,0,0,go,0,NULL,0,hago
medir,ir,d,me,NULL,me,yo,0,0,o,mi,NULL,mi,mido
memorizar,ar,z,ri,NULL,ri,yo,0,0,o,0,NULL,0,memorizo
remendar,ar,d,men,m,en,yo,0,0,o,mien,m,ien,remiendo
ordeñar,ar,ñ,de,NULL,de,yo,0,0,o,0,NULL,0,ordeño
perder,er,d,per,p,er,yo,0,0,o,pier,p,ier,pierdo
extrañar,ar,ñ,tra,t,ra,yo,0,0,o,0,NULL,0,extraño
mezclar,ar,cl,mez,m,ez,yo,0,0,o,0,NULL,0,mezclo
mover,er,v,mo,NULL,mo,yo,0,0,o,mue,m,ue,muevo
multiplicar,ar,c,pli,p,li,yo,0,0,o,0,NULL,0,multiplico
asesinar,ar,n,si,NULL,si,yo,0,0,o,0,NULL,0,asesino
clavar,ar,v,cla,c,la,yo,0,0,o,0,NULL,0,clavo
nombrar,ar,br,nom,n,om,yo,0,0,o,0,NULL,0,nombro
necesitar,ar,t,si,NULL,si,yo,0,0,o,0,NULL,0,necesito
advertir,ir,t,ver,v,er,yo,0,0,o,vier,v,ier,advierto
fijar,ar,j,fi,NULL,fi,yo,0,0,o,0,NULL,0,fijo
prestar,ar,t,pres,p,res,yo,0,0,o,0,NULL,0,presto
numerar,ar,r,me,NULL,me,yo,0,0,o,0,NULL,0,numero
obedecer,er,c,de,NULL,de,yo,0,0,o,dez,d,ez,obedezco
objetar,ar,t,je,NULL,je,yo,0,0,o,0,NULL,0,objeto
observar,ar,v,ser,s,er,yo,0,0,o,0,NULL,0,observo
obtener,er,n,te,NULL,te,yo,0,0,go,ten,t,en,obtengo
ofender,er,d,fen,f,en,yo,0,0,o,0,NULL,0,ofendo
ofrecer,er,c,fre,f,re,yo,0,0,o,frez,f,rez,ofrezco
abrir,ir,br,a,NULL,a,yo,0,0,o,0,NULL,0,abro
ordenar,ar,n,de,NULL,de,yo,0,0,o,0,NULL,0,ordeno
pedir,ir,d,pe,NULL,pe,yo,0,0,o,pi,NULL,pi,pido
inundar,ar,d,nun,n,un,yo,0,0,o,0,NULL,0,inundo
adeudar,ar,d,deu,d,eu,yo,0,0,o,0,NULL,0,adeudo
empacar,ar,c,pa,NULL,pa,yo,0,0,o,0,NULL,0,empaco
pintar,ar,t,pin,p,in,yo,0,0,o,0,NULL,0,pinto
estacionar,ar,n,cio,c,io,yo,0,0,o,0,NULL,0,estaciono
pegar,ar,g,pe,NULL,pe,yo,0,0,o,0,NULL,0,pego
acariciar,ar,ci,ri,NULL,ri,yo,0,0,o,0,NULL,0,acaricio
pedalear,ar,NULL,le,NULL,le,yo,0,0,o,0,NULL,0,pedaleo
pelar,ar,l,pe,NULL,pe,yo,0,0,o,0,NULL,0,pelo
echar,ar,ch,e,NULL,e,yo,0,0,o,0,NULL,0,echo
ejecutar,ar,t,cu,NULL,cu,yo,0,0,o,0,NULL,0,ejecuto
llamar,ar,m,lla,l,la,yo,0,0,o,0,NULL,0,llamo
levantar,ar,t,van,v,an,yo,0,0,o,0,NULL,0,levanto
planear,ar,NULL,ne,NULL,ne,yo,0,0,o,0,NULL,0,planeo
planificar,ar,c,fi,NULL,fi,yo,0,0,o,0,NULL,0,planifico
plantar,ar,t,plan,p,lan,yo,0,0,o,0,NULL,0,planto
ubicar,ar,c,bi,NULL,bi,yo,0,0,o,0,NULL,0,ubico
tocar,ar,c,to,NULL,to,yo,0,0,o,0,NULL,0,toco
jugar,ar,g,ju,NULL,ju,yo,0,0,o,jue,j,ue,juego
complacer,er,c,pla,p,la,yo,0,0,o,plaz,p,laz,complazco
señalar,ar,l,a,NULL,a,yo,0,0,o,0,NULL,0,señalo
lustrar,ar,tr,lus,l,us,yo,0,0,o,0,NULL,0,lustro
poseer,er,NULL,se,NULL,se,yo,0,0,o,0,NULL,0,poseo
derramar,ar,m,rra,r,ra,yo,0,0,o,0,NULL,0,derramo
practicar,ar,c,ti,NULL,ti,yo,0,0,o,0,NULL,0,practico
rezar,ar,z,re,NULL,re,yo,0,0,o,0,NULL,0,rezo
preceder,er,d,ce,NULL,ce,yo,0,0,o,0,NULL,0,precedo
preferir,ir,r,fe,NULL,fe,yo,0,0,o,fie,f,ie,prefiero
preparar,ar,r,pa,NULL,pa,yo,0,0,o,0,NULL,0,preparo
regalar,ar,l,ga,NULL,ga,yo,0,0,o,0,NULL,0,regalo
presionar,ar,n,sio,s,io,yo,0,0,o,0,NULL,0,presiono
apretar,ar,t,pre,p,re,yo,0,0,o,prie,p,rie,aprieto
fingir,ir,g,fin,f,in,yo,0,0,jo,0,NULL,0,finjo
impedir,ir,d,pe,NULL,pe,yo,0,0,o,pi,NULL,pi,impido
imprimir,ir,m,pri,p,ri,yo,0,0,o,0,NULL,0,imprimo
producir,ir,c,du,NULL,du,yo,0,0,o,duz,d,uz,produzco
programar,ar,m,gra,g,ra,yo,0,0,o,0,NULL,0,programo
prometer,er,t,me,NULL,me,yo,0,0,o,0,NULL,0,prometo
proteger,er,g,te,NULL,te,yo,0,0,jo,0,NULL,0,protejo
proveer,er,NULL,ve,NULL,ve,yo,0,0,o,0,NULL,0,proveo
bombear,ar,NULL,be,NULL,be,yo,0,0,o,0,NULL,0,bombeo
castigar,ar,g,ti,NULL,ti,yo,0,0,o,0,NULL,0,castigo
empujar,ar,j,pu,NULL,pu,yo,0,0,o,0,NULL,0,empujo
llover,er,v,llo,l,lo,yo,0,0,-,-,-,-,-
alcanzar,ar,z,can,c,an,yo,0,0,o,0,NULL,0,alcanzo
dar,ar,d,NULL,N,ULL,yo,0,0,oy,-,-,-,doy
recibir,ir,b,ci,NULL,ci,yo,0,0,o,0,NULL,0,recibo
reconocer,er,c,no,NULL,no,yo,0,0,o,noz,n,oz,reconozco
grabar,ar,b,gra,g,ra,yo,0,0,o,0,NULL,0,grabo
reducir,ir,c,du,NULL,du,yo,0,0,o,duz,d,uz,reduzco
reflejar,ar,j,fle,f,le,yo,0,0,o,0,NULL,0,reflejo
rechazar,ar,z,cha,c,ha,yo,0,0,o,0,NULL,0,rechazo
soltar,ar,t,sol,s,ol,yo,0,0,o,suel,s,uel,suelto
confiar,ar,fi,con,c,on,yo,0,0,fío,0,NULL,0,confío
permanecer,er,c,ne,NULL,ne,yo,0,0,o,nez,n,ez,permanezco
recordar,ar,d,cor,c,or,yo,0,0,o,cuer,c,uer,recuerdo
acordar,ar,d,cor,c,or,yo,0,0,o,cuer,c,uer,acuerdo
alquilar,ar,l,qui,q,ui,yo,0,0,o,0,NULL,0,alquilo
repetir,ir,t,pe,NULL,pe,yo,0,0,o,pi,NULL,pi,repito
reemplazar,ar,z,pla,p,la,yo,0,0,o,0,NULL,0,reemplazo
responder,er,d,pon,p,on,yo,0,0,o,0,NULL,0,respondo
reproducir,ir,c,du,NULL,du,yo,0,0,o,duz,d,uz,reproduzco
solicitar,ar,t,ci,NULL,ci,yo,0,0,o,0,NULL,0,solicito
rescatar,ar,t,ca,NULL,ca,yo,0,0,o,0,NULL,0,rescato
regresar,ar,s,gre,g,re,yo,0,0,o,0,NULL,0,regreso
rimar,ar,m,ri,NULL,ri,yo,0,0,o,0,NULL,0,rimo
enjuagar,ar,g,jua,j,ua,yo,0,0,o,0,NULL,0,enjuago
arriesgar,ar,g,rries,r,ries,yo,0,0,o,0,NULL,0,arriesgo
robar,ar,b,ro,NULL,ro,yo,0,0,o,0,NULL,0,robo
remar,ar,m,re,NULL,re,yo,0,0,o,0,NULL,0,remo
frotar,ar,t,fro,f,ro,yo,0,0,o,0,NULL,0,froto
arruinar,ar,n,rrui,r,rui,yo,0,0,o,0,NULL,0,arruino
regir,ir,g,re,NULL,re,yo,0,0,jo,ri,NULL,ri,rijo
dominar,ar,n,mi,NULL,mi,yo,0,0,o,0,NULL,0,domino
navegar,ar,g,ve,NULL,ve,yo,0,0,o,0,NULL,0,navego
satisfacer,er,c,fa,NULL,fa,yo,0,0,go,0,NULL,0,satisfago
salvar,ar,v,sal,s,al,yo,0,0,o,0,NULL,0,salvo
ahorrar,ar,rr,ho,NULL,ho,yo,0,0,o,0,NULL,0,ahorro
guardar,ar,d,guar,g,uar,yo,0,0,o,0,NULL,0,guardo
atornillar,ar,ll,ni,NULL,ni,yo,0,0,o,0,NULL,0,atornillo
sellar,ar,ll,se,NULL,se,yo,0,0,o,0,NULL,0,sello
buscar,ar,c,bus,b,us,yo,0,0,o,0,NULL,0,busco
separar,ar,r,pa,NULL,pa,yo,0,0,o,0,NULL,0,separo
servir,ir,v,ser,s,er,yo,0,0,o,sir,s,ir,sirvo
establecer,er,c,ble,b,le,yo,0,0,o,blez,b,lez,establezco
compartir,ir,t,par,p,ar,yo,0,0,o,0,NULL,0,comparto
resguardar,ar,d,guar,g,uar,yo,0,0,o,0,NULL,0,resguardo
comprar,ar,pr,com,c,om,yo,0,0,o,0,NULL,0,compro
suspirar,ar,r,pi,NULL,pi,yo,0,0,o,0,NULL,0,suspiro
firmar,ar,m,fir,f,ir,yo,0,0,o,0,NULL,0,firmo
pecar,ar,c,pe,NULL,pe,yo,0,0,o,0,NULL,0,peco
esquiar,ar,qui,es,NULL,es,yo,0,0,quío,0,NULL,0,esquío
disminuir,ir,nu,mi,NULL,mi,yo,0,0,yo,0,NULL,0,disminuyo
oler,er,l,o,NULL,o,yo,0,0,o,hue,h,ue,huelo
fumar,ar,m,fu,NULL,fu,yo,0,0,o,0,NULL,0,fumo
estornudar,ar,d,nu,NULL,nu,yo,0,0,o,0,NULL,0,estornudo
roncar,ar,c,ron,r,on,yo,0,0,o,0,NULL,0,ronco
nevar,ar,v,ne,NULL,ne,yo,0,0,-,-,-,-,-
empapar,ar,p,pa,NULL,pa,yo,0,0,o,0,NULL,0,empapo
sonar,ar,n,so,NULL,so,yo,0,0,o,sue,s,ue,sueno
deletrear,ar,NULL,tre,t,re,yo,0,0,o,0,NULL,0,deletreo
malcriar,ar,cri,mal,m,al,yo,0,0,crío,0,NULL,0,malcrío
vaporizar,ar,z,ri,NULL,ri,yo,0,0,o,0,NULL,0,vaporizo
arrancar,ar,c,rran,r,ran,yo,0,0,o,0,NULL,0,arranco
comenzar,ar,z,men,m,en,yo,0,0,o,mien,m,ien,comienzo
almacenar,ar,n,ce,NULL,ce,yo,0,0,o,0,NULL,0,almaceno
estirar,ar,r,ti,NULL,ti,yo,0,0,o,0,NULL,0,estiro
tener,er,n,te,NULL,te,yo,0,0,go,ten,t,en,tengo
sufrir,ir,fr,su,NULL,su,yo,0,0,o,0,NULL,0,sufro
sugerir,ir,r,ge,NULL,ge,yo,0,0,o,gie,g,ie,sugiero
suponer,er,n,po,NULL,po,yo,0,0,go,pon,p,on,supongo
sorprender,er,d,pren,p,ren,yo,0,0,o,0,NULL,0,sorprendo
rodear,ar,NULL,de,NULL,de,yo,0,0,o,0,NULL,0,rodeo
sospechar,ar,ch,pe,NULL,pe,yo,0,0,o,0,NULL,0,sospecho
enchufar,ar,f,chu,c,hu,yo,0,0,o,0,NULL,0,enchufo
conversar,ar,s,ver,v,er,yo,0,0,o,0,NULL,0,converso
saborear,ar,NULL,re,NULL,re,yo,0,0,o,0,NULL,0,saboreo
tomar,ar,m,to,NULL,to,yo,0,0,o,0,NULL,0,tomo
atormentar,ar,t,men,m,en,yo,0,0,o,0,NULL,0,atormento
tentar,ar,t,ten,t,en,yo,0,0,o,tien,t,ien,tiento
aterrorizar,ar,z,ri,NULL,ri,yo,0,0,o,0,NULL,0,aterrorizo
comprobar,ar,b,pro,p,ro,yo,0,0,o,prue,p,rue,compruebo
agradecer,er,c,de,NULL,de,yo,0,0,o,dez,d,ez,agradezco
tildar,ar,d,til,t,il,yo,0,0,o,0,NULL,0,tildo
remolcar,ar,c,mol,m,ol,yo,0,0,o,0,NULL,0,remolco
comerciar,ar,ci,mer,m,er,yo,0,0,o,0,NULL,0,comercio
negociar,ar,ci,go,NULL,go,yo,0,0,o,0,NULL,0,negocio
entrenar,ar,n,tre,t,re,yo,0,0,o,0,NULL,0,entreno
transportar,ar,t,por,p,or,yo,0,0,o,0,NULL,0,transporto
viajar,ar,j,via,v,ia,yo,0,0,o,0,NULL,0,viajo
temblar,ar,bl,tem,t,em,yo,0,0,o,tiem,t,iem,tiemblo
tratar,ar,t,tra,t,ra,yo,0,0,o,0,NULL,0,trato
volver,er,v,vol,v,ol,yo,0,0,o,vuel,v,uel,vuelvo
escribir,ir,b,cri,c,ri,yo,0,0,o,0,NULL,0,escribo
usar,ar,s,u,NULL,u,yo,0,0,o,0,NULL,0,uso
visitar,ar,t,si,NULL,si,yo,0,0,o,0,NULL,0,visito
caminar,ar,n,mi,NULL,mi,yo,0,0,o,0,NULL,0,camino
querer,er,r,que,q,ue,yo,0,0,o,quie,q,uie,quiero
lavar,ar,v,la,NULL,la,yo,0,0,o,0,NULL,0,lavo
gastar,ar,t,gas,g,as,yo,0,0,o,0,NULL,0,gasto
desperdiciar,ar,ci,di,NULL,di,yo,0,0,o,0,NULL,0,desperdicio
vigilar,ar,l,gi,NULL,gi,yo,0,0,o,0,NULL,0,vigilo
pesar,ar,s,pe,NULL,pe,yo,0,0,o,0,NULL,0,peso
susurrar,ar,rr,su,NULL,su,yo,0,0,o,0,NULL,0,susurro
silbar,ar,b,sil,s,il,yo,0,0,o,0,NULL,0,silbo
trabajar,ar,j,ba,NULL,ba,yo,0,0,o,0,NULL,0,trabajo
bostezar,ar,z,te,NULL,te,yo,0,0,o,0,NULL,0,bostezo
acercar,ar,c,cer,c,er,yo,0,0,o,0,NULL,0,acerco
