entretener,er,te,NULL,te,n,1,0,0,0,ten,go,1,1,entretengo
entretener,er,te,NULL,te,n,1,0,2,0,tu,ve,1,1,entretuve
entretener,er,te,NULL,te,n,2,0,2,0,tu,viste,1,1,entretuviste
entretener,er,te,NULL,te,n,3,0,2,0,tu,vo,1,1,entretuvo
entretener,er,te,NULL,te,n,1,1,2,0,tu,vimos,1,1,entretuvimos
entretener,er,te,NULL,te,n,2,1,2,0,tu,visteis,1,1,entretuvisteis
entretener,er,te,NULL,te,n,3,1,2,0,tu,vieron,1,1,entretuvieron
entretener,er,te,NULL,te,n,1,0,3,0,ten,dré,1,1,entretendré
entretener,er,te,NULL,te,n,2,0,3,0,ten,drás,1,1,entretendrás
entretener,er,te,NULL,te,n,3,0,3,0,ten,drá,1,1,entretendrá
entretener,er,te,NULL,te,n,1,1,3,0,ten,dremos,1,1,entretendremos
entretener,er,te,NULL,te,n,2,1,3,0,ten,dréis,1,1,entretendréis
entretener,er,te,NULL,te,n,3,1,3,0,ten,drán,1,1,entretendrán
entretener,er,te,NULL,te,n,1,0,4,0,ten,dría,1,1,entretendría
entretener,er,te,NULL,te,n,2,0,4,0,ten,drías,1,1,entretendrías
entretener,er,te,NULL,te,n,3,0,4,0,ten,dría,1,1,entretendría
entretener,er,te,NULL,te,n,1,1,4,0,ten,dríamos,1,1,entretendríamos
entretener,er,te,NULL,te,n,2,1,4,0,ten,dríais,1,1,entretendríais
entretener,er,te,NULL,te,n,3,1,4,0,ten,drían,1,1,entretendrían
entretener,er,te,NULL,te,n,1,0,0,1,ten,ga,1,1,entretenga
entretener,er,te,NULL,te,n,2,0,0,1,ten,gas,1,1,entretengas
entretener,er,te,NULL,te,n,3,0,0,1,ten,ga,1,1,entretenga
entretener,er,te,NULL,te,n,1,1,0,1,ten,gamos,1,1,entretengamos
entretener,er,te,NULL,te,n,2,1,0,1,ten,gáis,1,1,entretengáis
entretener,er,te,NULL,te,n,3,1,0,1,ten,gan,1,1,entretengan
entretener,er,te,NULL,te,n,1,0,1,1,tu,viera,1,1,entretuviera
entretener,er,te,NULL,te,n,2,0,1,1,tu,vieras,1,1,entretuvieras
entretener,er,te,NULL,te,n,3,0,1,1,tu,viera,1,1,entretuviera
entretener,er,te,NULL,te,n,1,1,1,1,tu,viéramos,1,1,entretuviéramos
entretener,er,te,NULL,te,n,2,1,1,1,tu,vierais,1,1,entretuvierais
entretener,er,te,NULL,te,n,3,1,1,1,tu,vieran,1,1,entretuvieran
entretener,er,te,NULL,te,n,1,0,3,1,tu,viere,1,1,entretuviere
entretener,er,te,NULL,te,n,2,0,3,1,tu,vieres,1,1,entretuvieres
entretener,er,te,NULL,te,n,3,0,3,1,tu,viere,1,1,entretuviere
entretener,er,te,NULL,te,n,1,1,3,1,tu,viéremos,1,1,entretuviéremos
entretener,er,te,NULL,te,n,2,1,3,1,tu,viereis,1,1,entretuviereis
entretener,er,te,NULL,te,n,3,1,3,1,tu,vieren,1,1,entretuvieren
entretener,er,te,NULL,te,n,3,0,0,2,ten,ga,1,1,entretenga
entretener,er,te,NULL,te,n,1,1,0,2,ten,gamos,1,1,entretengamos
entretener,er,te,NULL,te,n,3,1,0,2,ten,gan,1,1,entretengan
atraer,er,tra,t,ra,NULL,1,0,0,0,trai,go,1,1,atraigo
atraer,er,tra,t,ra,NULL,1,0,0,1,trai,ga,1,1,atraiga
atraer,er,tra,t,ra,NULL,2,0,0,1,trai,gas,1,1,atraigas
atraer,er,tra,t,ra,NULL,3,0,0,1,trai,ga,1,1,atraiga
atraer,er,tra,t,ra,NULL,1,1,0,1,trai,gamos,1,1,atraigamos
atraer,er,tra,t,ra,NULL,2,1,0,1,trai,gáis,1,1,atraigáis
atraer,er,tra,t,ra,NULL,3,1,0,1,trai,gan,1,1,atraigan
atraer,er,tra,t,ra,NULL,3,0,0,2,trai,ga,1,1,atraiga
atraer,er,tra,t,ra,NULL,1,1,0,2,trai,gamos,1,1,atraigamos
atraer,er,tra,t,ra,NULL,3,1,0,2,trai,gan,1,1,atraigan
rogar,ar,ro,NULL,ro,g,1,0,0,1,rue,ue,1,1,ruegue
rogar,ar,ro,NULL,ro,g,2,0,0,1,rue,ues,1,1,ruegues
rogar,ar,ro,NULL,ro,g,3,0,0,1,rue,ue,1,1,ruegue
rogar,ar,ro,NULL,ro,g,3,1,0,1,rue,uen,1,1,rueguen
rogar,ar,ro,NULL,ro,g,3,0,0,2,rue,ue,1,1,ruegue
rogar,ar,ro,NULL,ro,g,3,1,0,2,rue,uen,1,1,rueguen
bendecir,ir,de,NULL,de,c,1,0,0,0,di,go,1,1,bendigo
bendecir,ir,de,NULL,de,c,1,0,2,0,di,je,1,1,bendije
bendecir,ir,de,NULL,de,c,2,0,2,0,di,jiste,1,1,bendijiste
bendecir,ir,de,NULL,de,c,3,0,2,0,di,jo,1,1,bendijo
bendecir,ir,de,NULL,de,c,1,1,2,0,di,jimos,1,1,bendijimos
bendecir,ir,de,NULL,de,c,2,1,2,0,di,jisteis,1,1,bendijisteis
bendecir,ir,de,NULL,de,c,3,1,2,0,di,jeron,1,1,bendijeron
bendecir,ir,de,NULL,de,c,1,0,0,1,di,ga,1,1,bendiga
bendecir,ir,de,NULL,de,c,2,0,0,1,di,gas,1,1,bendigas
bendecir,ir,de,NULL,de,c,3,0,0,1,di,ga,1,1,bendiga
bendecir,ir,de,NULL,de,c,1,1,0,1,di,gamos,1,1,bendigamos
bendecir,ir,de,NULL,de,c,2,1,0,1,di,gáis,1,1,bendigáis
bendecir,ir,de,NULL,de,c,3,1,0,1,di,gan,1,1,bendigan
bendecir,ir,de,NULL,de,c,1,0,1,1,di,jera,1,1,bendijera
bendecir,ir,de,NULL,de,c,2,0,1,1,di,jeras,1,1,bendijeras
bendecir,ir,de,NULL,de,c,3,0,1,1,di,jera,1,1,bendijera
bendecir,ir,de,NULL,de,c,1,1,1,1,di,jéramos,1,1,bendijéramos
bendecir,ir,de,NULL,de,c,2,1,1,1,di,jerais,1,1,bendijerais
bendecir,ir,de,NULL,de,c,3,1,1,1,di,jeran,1,1,bendijeran
bendecir,ir,de,NULL,de,c,1,0,3,1,di,jere,1,1,bendijere
bendecir,ir,de,NULL,de,c,2,0,3,1,di,jeres,1,1,bendijeres
bendecir,ir,de,NULL,de,c,3,0,3,1,di,jere,1,1,bendijere
bendecir,ir,de,NULL,de,c,1,1,3,1,di,jéremos,1,1,bendijéremos
bendecir,ir,de,NULL,de,c,2,1,3,1,di,jereis,1,1,bendijereis
bendecir,ir,de,NULL,de,c,3,1,3,1,di,jeren,1,1,bendijeren
bendecir,ir,de,NULL,de,c,3,0,0,2,di,ga,1,1,bendiga
bendecir,ir,de,NULL,de,c,1,1,0,2,di,gamos,1,1,bendigamos
bendecir,ir,de,NULL,de,c,3,1,0,2,di,gan,1,1,bendigan
contener,er,te,NULL,te,n,1,0,0,0,ten,go,1,1,contengo
contener,er,te,NULL,te,n,1,0,2,0,tu,ve,1,1,contuve
contener,er,te,NULL,te,n,2,0,2,0,tu,viste,1,1,contuviste
contener,er,te,NULL,te,n,3,0,2,0,tu,vo,1,1,contuvo
contener,er,te,NULL,te,n,1,1,2,0,tu,vimos,1,1,contuvimos
contener,er,te,NULL,te,n,2,1,2,0,tu,visteis,1,1,contuvisteis
contener,er,te,NULL,te,n,3,1,2,0,tu,vieron,1,1,contuvieron
contener,er,te,NULL,te,n,1,0,3,0,ten,dré,1,1,contendré
contener,er,te,NULL,te,n,2,0,3,0,ten,drás,1,1,contendrás
contener,er,te,NULL,te,n,3,0,3,0,ten,drá,1,1,contendrá
contener,er,te,NULL,te,n,1,1,3,0,ten,dremos,1,1,contendremos
contener,er,te,NULL,te,n,2,1,3,0,ten,dréis,1,1,contendréis
contener,er,te,NULL,te,n,3,1,3,0,ten,drán,1,1,contendrán
contener,er,te,NULL,te,n,1,0,4,0,ten,dría,1,1,contendría
contener,er,te,NULL,te,n,2,0,4,0,ten,drías,1,1,contendrías
contener,er,te,NULL,te,n,3,0,4,0,ten,dría,1,1,contendría
contener,er,te,NULL,te,n,1,1,4,0,ten,dríamos,1,1,contendríamos
contener,er,te,NULL,te,n,2,1,4,0,ten,dríais,1,1,contendríais
contener,er,te,NULL,te,n,3,1,4,0,ten,drían,1,1,contendrían
contener,er,te,NULL,te,n,1,0,0,1,ten,ga,1,1,contenga
contener,er,te,NULL,te,n,2,0,0,1,ten,gas,1,1,contengas
contener,er,te,NULL,te,n,3,0,0,1,ten,ga,1,1,contenga
contener,er,te,NULL,te,n,1,1,0,1,ten,gamos,1,1,contengamos
contener,er,te,NULL,te,n,2,1,0,1,ten,gáis,1,1,contengáis
contener,er,te,NULL,te,n,3,1,0,1,ten,gan,1,1,contengan
contener,er,te,NULL,te,n,1,0,1,1,tu,viera,1,1,contuviera
contener,er,te,NULL,te,n,2,0,1,1,tu,vieras,1,1,contuvieras
contener,er,te,NULL,te,n,3,0,1,1,tu,viera,1,1,contuviera
contener,er,te,NULL,te,n,1,1,1,1,tu,viéramos,1,1,contuviéramos
contener,er,te,NULL,te,n,2,1,1,1,tu,vierais,1,1,contuvierais
contener,er,te,NULL,te,n,3,1,1,1,tu,vieran,1,1,contuvieran
contener,er,te,NULL,te,n,1,0,3,1,tu,viere,1,1,contuviere
contener,er,te,NULL,te,n,2,0,3,1,tu,vieres,1,1,contuvieres
contener,er,te,NULL,te,n,3,0,3,1,tu,viere,1,1,contuviere
contener,er,te,NULL,te,n,1,1,3,1,tu,viéremos,1,1,contuviéremos
contener,er,te,NULL,te,n,2,1,3,1,tu,viereis,1,1,contuviereis
contener,er,te,NULL,te,n,3,1,3,1,tu,vieren,1,1,contuvieren
contener,er,te,NULL,te,n,3,0,0,2,ten,ga,1,1,contenga
contener,er,te,NULL,te,n,1,1,0,2,ten,gamos,1,1,contengamos
contener,er,te,NULL,te,n,3,1,0,2,ten,gan,1,1,contengan
corregir,ir,rre,r,re,g,1,0,0,0,rri,jo,1,1,corrijo
corregir,ir,rre,r,re,g,1,0,0,1,rri,ja,1,1,corrija
corregir,ir,rre,r,re,g,2,0,0,1,rri,jas,1,1,corrijas
corregir,ir,rre,r,re,g,3,0,0,1,rri,ja,1,1,corrija
corregir,ir,rre,r,re,g,1,1,0,1,rri,jamos,1,1,corrijamos
corregir,ir,rre,r,re,g,2,1,0,1,rri,jáis,1,1,corrijáis
corregir,ir,rre,r,re,g,3,1,0,1,rri,jan,1,1,corrijan
corregir,ir,rre,r,re,g,3,0,0,2,rri,ja,1,1,corrija
corregir,ir,rre,r,re,g,1,1,0,2,rri,jamos,1,1,corrijamos
corregir,ir,rre,r,re,g,3,1,0,2,rri,jan,1,1,corrijan
caer,er,ca,NULL,ca,NULL,1,0,0,0,cai,go,1,1,caigo
caer,er,ca,NULL,ca,NULL,1,0,0,1,cai,ga,1,1,caiga
caer,er,ca,NULL,ca,NULL,2,0,0,1,cai,gas,1,1,caigas
caer,er,ca,NULL,ca,NULL,3,0,0,1,cai,ga,1,1,caiga
caer,er,ca,NULL,ca,NULL,1,1,0,1,cai,gamos,1,1,caigamos
caer,er,ca,NULL,ca,NULL,2,1,0,1,cai,gáis,1,1,caigáis
caer,er,ca,NULL,ca,NULL,3,1,0,1,cai,gan,1,1,caigan
caer,er,ca,NULL,ca,NULL,3,0,0,2,cai,ga,1,1,caiga
caer,er,ca,NULL,ca,NULL,1,1,0,2,cai,gamos,1,1,caigamos
caer,er,ca,NULL,ca,NULL,3,1,0,2,cai,gan,1,1,caigan
avergonzar,ar,gon,g,on,z,1,0,0,1,güen,ce,1,1,avergüence
avergonzar,ar,gon,g,on,z,2,0,0,1,güen,ces,1,1,avergüences
avergonzar,ar,gon,g,on,z,3,0,0,1,güen,ce,1,1,avergüence
avergonzar,ar,gon,g,on,z,3,1,0,1,güen,cen,1,1,avergüencen
avergonzar,ar,gon,g,on,z,3,0,0,2,güen,ce,1,1,avergüence
avergonzar,ar,gon,g,on,z,3,1,0,2,güen,cen,1,1,avergüencen
huir,ir,NULL,NULL,NULL,hu,1,0,0,0,0,yo,1,1,huyo
huir,ir,NULL,NULL,NULL,hu,2,0,0,0,0,yes,1,1,huyes
huir,ir,NULL,NULL,NULL,hu,3,0,0,0,0,ye,1,1,huye
huir,ir,NULL,NULL,NULL,hu,3,1,0,0,0,yen,1,1,huyen
huir,ir,NULL,NULL,NULL,hu,3,0,2,0,0,yó,1,1,huyó
huir,ir,NULL,NULL,NULL,hu,3,1,2,0,0,yeron,1,1,huyeron
huir,ir,NULL,NULL,NULL,hu,1,0,0,1,0,ya,1,1,huya
huir,ir,NULL,NULL,NULL,hu,2,0,0,1,0,yas,1,1,huyas
huir,ir,NULL,NULL,NULL,hu,3,0,0,1,0,ya,1,1,huya
huir,ir,NULL,NULL,NULL,hu,1,1,0,1,0,yamos,1,1,huyamos
huir,ir,NULL,NULL,NULL,hu,2,1,0,1,0,yáis,1,1,huyáis
huir,ir,NULL,NULL,NULL,hu,3,1,0,1,0,yan,1,1,huyan
huir,ir,NULL,NULL,NULL,hu,1,0,1,1,0,yera,1,1,huyera
huir,ir,NULL,NULL,NULL,hu,2,0,1,1,0,yeras,1,1,huyeras
huir,ir,NULL,NULL,NULL,hu,3,0,1,1,0,yera,1,1,huyera
huir,ir,NULL,NULL,NULL,hu,1,1,1,1,0,yéramos,1,1,huyéramos
huir,ir,NULL,NULL,NULL,hu,2,1,1,1,0,yerais,1,1,huyerais
huir,ir,NULL,NULL,NULL,hu,3,1,1,1,0,yeran,1,1,huyeran
huir,ir,NULL,NULL,NULL,hu,1,0,3,1,0,yere,1,1,huyere
huir,ir,NULL,NULL,NULL,hu,2,0,3,1,0,yeres,1,1,huyeres
huir,ir,NULL,NULL,NULL,hu,3,0,3,1,0,yere,1,1,huyere
huir,ir,NULL,NULL,NULL,hu,1,1,3,1,0,yéremos,1,1,huyéremos
huir,ir,NULL,NULL,NULL,hu,2,1,3,1,0,yereis,1,1,huyereis
huir,ir,NULL,NULL,NULL,hu,3,1,3,1,0,yeren,1,1,huyeren
huir,ir,NULL,NULL,NULL,hu,2,0,0,2,0,ye,1,1,huye
huir,ir,NULL,NULL,NULL,hu,3,0,0,2,0,ya,1,1,huya
huir,ir,NULL,NULL,NULL,hu,1,1,0,2,0,yamos,1,1,huyamos
huir,ir,NULL,NULL,NULL,hu,3,1,0,2,0,yan,1,1,huyan
ir,ir,NULL,NULL,NULL,NULL,1,0,0,0,0,voy,1,1,voy
ir,ir,NULL,NULL,NULL,NULL,2,0,0,0,0,vas,1,1,vas
ir,ir,NULL,NULL,NULL,NULL,3,0,0,0,0,va,1,1,va
ir,ir,NULL,NULL,NULL,NULL,1,1,0,0,0,vamos,1,1,vamos
ir,ir,NULL,NULL,NULL,NULL,2,1,0,0,0,vais,1,1,vais
ir,ir,NULL,NULL,NULL,NULL,3,1,0,0,0,van,1,1,van
ir,ir,NULL,NULL,NULL,NULL,1,0,1,0,0,iba,1,1,iba
ir,ir,NULL,NULL,NULL,NULL,2,0,1,0,0,ibas,1,1,ibas
ir,ir,NULL,NULL,NULL,NULL,3,0,1,0,0,iba,1,1,iba
ir,ir,NULL,NULL,NULL,NULL,1,1,1,0,0,íbamos,1,1,íbamos
ir,ir,NULL,NULL,NULL,NULL,2,1,1,0,0,ibais,1,1,ibais
ir,ir,NULL,NULL,NULL,NULL,3,1,1,0,0,iban,1,1,iban
ir,ir,NULL,NULL,NULL,NULL,1,0,2,0,0,fui,1,1,fui
ir,ir,NULL,NULL,NULL,NULL,2,0,2,0,0,fuiste,1,1,fuiste
ir,ir,NULL,NULL,NULL,NULL,3,0,2,0,0,fue,1,1,fue
ir,ir,NULL,NULL,NULL,NULL,1,1,2,0,0,fuimos,1,1,fuimos
ir,ir,NULL,NULL,NULL,NULL,2,1,2,0,0,fuisteis,1,1,fuisteis
ir,ir,NULL,NULL,NULL,NULL,3,1,2,0,0,fueron,1,1,fueron
ir,ir,NULL,NULL,NULL,NULL,1,0,0,1,0,vaya,1,1,vaya
ir,ir,NULL,NULL,NULL,NULL,2,0,0,1,0,vayas,1,1,vayas
ir,ir,NULL,NULL,NULL,NULL,3,0,0,1,0,vaya,1,1,vaya
ir,ir,NULL,NULL,NULL,NULL,1,1,0,1,0,vayamos,1,1,vayamos
ir,ir,NULL,NULL,NULL,NULL,2,1,0,1,0,vayáis,1,1,vayáis
ir,ir,NULL,NULL,NULL,NULL,3,1,0,1,0,vayan,1,1,vayan
ir,ir,NULL,NULL,NULL,NULL,1,0,1,1,0,fuera,1,1,fuera
ir,ir,NULL,NULL,NULL,NULL,2,0,1,1,0,fueras,1,1,fueras
ir,ir,NULL,NULL,NULL,NULL,3,0,1,1,0,fuera,1,1,fuera
ir,ir,NULL,NULL,NULL,NULL,1,1,1,1,0,fuéramos,1,1,fuéramos
ir,ir,NULL,NULL,NULL,NULL,2,1,1,1,0,fuerais,1,1,fuerais
ir,ir,NULL,NULL,NULL,NULL,3,1,1,1,0,fueran,1,1,fueran
ir,ir,NULL,NULL,NULL,NULL,1,0,3,1,0,fuere,1,1,fuere
ir,ir,NULL,NULL,NULL,NULL,2,0,3,1,0,fueres,1,1,fueres
ir,ir,NULL,NULL,NULL,NULL,3,0,3,1,0,fuere,1,1,fuere
ir,ir,NULL,NULL,NULL,NULL,1,1,3,1,0,fuéremos,1,1,fuéremos
ir,ir,NULL,NULL,NULL,NULL,2,1,3,1,0,fuereis,1,1,fuereis
ir,ir,NULL,NULL,NULL,NULL,3,1,3,1,0,fueren,1,1,fueren
ir,ir,NULL,NULL,NULL,NULL,2,0,0,2,0,ve,1,1,ve
ir,ir,NULL,NULL,NULL,NULL,3,0,0,2,0,vaya,1,1,vaya
ir,ir,NULL,NULL,NULL,NULL,1,1,0,2,0,vayamos,1,1,vayamos
ir,ir,NULL,NULL,NULL,NULL,3,1,0,2,0,vayan,1,1,vayan
caber,er,ca,NULL,ca,b,1,0,0,0,que,po,1,1,quepo
caber,er,ca,NULL,ca,b,1,0,2,0,cu,pe,1,1,cupe
caber,er,ca,NULL,ca,b,2,0,2,0,cu,piste,1,1,cupiste
caber,er,ca,NULL,ca,b,3,0,2,0,cu,po,1,1,cupo
caber,er,ca,NULL,ca,b,1,1,2,0,cu,pimos,1,1,cupimos
caber,er,ca,NULL,ca,b,2,1,2,0,cu,pisteis,1,1,cupisteis
caber,er,ca,NULL,ca,b,3,1,2,0,cu,pieron,1,1,cupieron
caber,er,ca,NULL,ca,b,1,0,0,1,que,pa,1,1,quepa
caber,er,ca,NULL,ca,b,2,0,0,1,que,pas,1,1,quepas
caber,er,ca,NULL,ca,b,3,0,0,1,que,pa,1,1,quepa
caber,er,ca,NULL,ca,b,1,1,0,1,que,pamos,1,1,quepamos
caber,er,ca,NULL,ca,b,2,1,0,1,que,páis,1,1,quepáis
caber,er,ca,NULL,ca,b,3,1,0,1,que,pan,1,1,quepan
caber,er,ca,NULL,ca,b,1,0,1,1,cu,piera,1,1,cupiera
caber,er,ca,NULL,ca,b,2,0,1,1,cu,pieras,1,1,cupieras
caber,er,ca,NULL,ca,b,3,0,1,1,cu,piera,1,1,cupiera
caber,er,ca,NULL,ca,b,1,1,1,1,cu,piéramos,1,1,cupiéramos
caber,er,ca,NULL,ca,b,2,1,1,1,cu,pierais,1,1,cupierais
caber,er,ca,NULL,ca,b,3,1,1,1,cu,pieran,1,1,cupieran
caber,er,ca,NULL,ca,b,1,0,3,1,cu,piere,1,1,cupiere
caber,er,ca,NULL,ca,b,2,0,3,1,cu,pieres,1,1,cupieres
caber,er,ca,NULL,ca,b,3,0,3,1,cu,piere,1,1,cupiere
caber,er,ca,NULL,ca,b,1,1,3,1,cu,piéremos,1,1,cupiéremos
caber,er,ca,NULL,ca,b,2,1,3,1,cu,piereis,1,1,cupiereis
caber,er,ca,NULL,ca,b,3,1,3,1,cu,pieren,1,1,cupieren
caber,er,ca,NULL,ca,b,3,0,0,2,que,pa,1,1,quepa
caber,er,ca,NULL,ca,b,1,1,0,2,que,pamos,1,1,quepamos
caber,er,ca,NULL,ca,b,3,1,0,2,que,pan,1,1,quepan
seguir,ir,se,NULL,se,gu,1,0,0,0,si,go,1,1,sigo
seguir,ir,se,NULL,se,gu,1,0,0,1,si,ga,1,1,siga
seguir,ir,se,NULL,se,gu,2,0,0,1,si,gas,1,1,sigas
seguir,ir,se,NULL,se,gu,3,0,0,1,si,ga,1,1,siga
seguir,ir,se,NULL,se,gu,1,1,0,1,si,gamos,1,1,sigamos
seguir,ir,se,NULL,se,gu,2,1,0,1,si,gáis,1,1,sigáis
seguir,ir,se,NULL,se,gu,3,1,0,1,si,gan,1,1,sigan
seguir,ir,se,NULL,se,gu,3,0,0,2,si,ga,1,1,siga
seguir,ir,se,NULL,se,gu,1,1,0,2,si,gamos,1,1,sigamos
seguir,ir,se,NULL,se,gu,3,1,0,2,si,gan,1,1,sigan
forzar,ar,for,f,or,z,1,0,0,1,fuer,ce,1,1,fuerce
forzar,ar,for,f,or,z,2,0,0,1,fuer,ces,1,1,fuerces
forzar,ar,for,f,or,z,3,0,0,1,fuer,ce,1,1,fuerce
forzar,ar,for,f,or,z,3,1,0,1,fuer,cen,1,1,fuercen
forzar,ar,for,f,or,z,3,0,0,2,fuer,ce,1,1,fuerce
forzar,ar,for,f,or,z,3,1,0,2,fuer,cen,1,1,fuercen
guiar,ar,NULL,NULL,NULL,gui,1,0,0,0,0,guío,1,1,guío
guiar,ar,NULL,NULL,NULL,gui,2,0,0,0,0,guías,1,1,guías
guiar,ar,NULL,NULL,NULL,gui,3,0,0,0,0,guía,1,1,guía
guiar,ar,NULL,NULL,NULL,gui,3,1,0,0,0,guían,1,1,guían
guiar,ar,NULL,NULL,NULL,gui,1,0,0,1,0,guíe,1,1,guíe
guiar,ar,NULL,NULL,NULL,gui,2,0,0,1,0,guíes,1,1,guíes
guiar,ar,NULL,NULL,NULL,gui,3,0,0,1,0,guíe,1,1,guíe
guiar,ar,NULL,NULL,NULL,gui,3,1,0,1,0,guíen,1,1,guíen
guiar,ar,NULL,NULL,NULL,gui,2,0,0,2,0,guía,1,1,guía
guiar,ar,NULL,NULL,NULL,gui,3,0,0,2,0,guíe,1,1,guíe
guiar,ar,NULL,NULL,NULL,gui,3,1,0,2,0,guíen,1,1,guíen
colgar,ar,col,c,ol,g,1,0,0,1,cuel,ue,1,1,cuelgue
colgar,ar,col,c,ol,g,2,0,0,1,cuel,ues,1,1,cuelgues
colgar,ar,col,c,ol,g,3,0,0,1,cuel,ue,1,1,cuelgue
colgar,ar,col,c,ol,g,3,1,0,1,cuel,uen,1,1,cuelguen
colgar,ar,col,c,ol,g,3,0,0,2,cuel,ue,1,1,cuelgue
colgar,ar,col,c,ol,g,3,1,0,2,cuel,uen,1,1,cuelguen
hacer,er,ha,NULL,ha,c,3,0,2,0,hi,zo,1,1,hizo
obtener,er,te,NULL,te,n,1,0,0,0,ten,go,1,1,obtengo
obtener,er,te,NULL,te,n,1,0,2,0,tu,ve,1,1,obtuve
obtener,er,te,NULL,te,n,2,0,2,0,tu,viste,1,1,obtuviste
obtener,er,te,NULL,te,n,3,0,2,0,tu,vo,1,1,obtuvo
obtener,er,te,NULL,te,n,1,1,2,0,tu,vimos,1,1,obtuvimos
obtener,er,te,NULL,te,n,2,1,2,0,tu,visteis,1,1,obtuvisteis
obtener,er,te,NULL,te,n,3,1,2,0,tu,vieron,1,1,obtuvieron
obtener,er,te,NULL,te,n,1,0,3,0,ten,dré,1,1,obtendré
obtener,er,te,NULL,te,n,2,0,3,0,ten,drás,1,1,obtendrás
obtener,er,te,NULL,te,n,3,0,3,0,ten,drá,1,1,obtendrá
obtener,er,te,NULL,te,n,1,1,3,0,ten,dremos,1,1,obtendremos
obtener,er,te,NULL,te,n,2,1,3,0,ten,dréis,1,1,obtendréis
obtener,er,te,NULL,te,n,3,1,3,0,ten,drán,1,1,obtendrán
obtener,er,te,NULL,te,n,1,0,4,0,ten,dría,1,1,obtendría
obtener,er,te,NULL,te,n,2,0,4,0,ten,drías,1,1,obtendrías
obtener,er,te,NULL,te,n,3,0,4,0,ten,dría,1,1,obtendría
obtener,er,te,NULL,te,n,1,1,4,0,ten,dríamos,1,1,obtendríamos
obtener,er,te,NULL,te,n,2,1,4,0,ten,dríais,1,1,obtendríais
obtener,er,te,NULL,te,n,3,1,4,0,ten,drían,1,1,obtendrían
obtener,er,te,NULL,te,n,1,0,0,1,ten,ga,1,1,obtenga
obtener,er,te,NULL,te,n,2,0,0,1,ten,gas,1,1,obtengas
obtener,er,te,NULL,te,n,3,0,0,1,ten,ga,1,1,obtenga
obtener,er,te,NULL,te,n,1,1,0,1,ten,gamos,1,1,obtengamos
obtener,er,te,NULL,te,n,2,1,0,1,ten,gáis,1,1,obtengáis
obtener,er,te,NULL,te,n,3,1,0,1,ten,gan,1,1,obtengan
obtener,er,te,NULL,te,n,1,0,1,1,tu,viera,1,1,obtuviera
obtener,er,te,NULL,te,n,2,0,1,1,tu,vieras,1,1,obtuvieras
obtener,er,te,NULL,te,n,3,0,1,1,tu,viera,1,1,obtuviera
obtener,er,te,NULL,te,n,1,1,1,1,tu,viéramos,1,1,obtuviéramos
obtener,er,te,NULL,te,n,2,1,1,1,tu,vierais,1,1,obtuvierais
obtener,er,te,NULL,te,n,3,1,1,1,tu,vieran,1,1,obtuvieran
obtener,er,te,NULL,te,n,1,0,3,1,tu,viere,1,1,obtuviere
obtener,er,te,NULL,te,n,2,0,3,1,tu,vieres,1,1,obtuvieres
obtener,er,te,NULL,te,n,3,0,3,1,tu,viere,1,1,obtuviere
obtener,er,te,NULL,te,n,1,1,3,1,tu,viéremos,1,1,obtuviéremos
obtener,er,te,NULL,te,n,2,1,3,1,tu,viereis,1,1,obtuviereis
obtener,er,te,NULL,te,n,3,1,3,1,tu,vieren,1,1,obtuvieren
obtener,er,te,NULL,te,n,3,0,0,2,ten,ga,1,1,obtenga
obtener,er,te,NULL,te,n,1,1,0,2,ten,gamos,1,1,obtengamos
obtener,er,te,NULL,te,n,3,1,0,2,ten,gan,1,1,obtengan
jugar,ar,ju,NULL,ju,g,1,0,0,1,jue,ue,1,1,juegue
jugar,ar,ju,NULL,ju,g,2,0,0,1,jue,ues,1,1,juegues
jugar,ar,ju,NULL,ju,g,3,0,0,1,jue,ue,1,1,juegue
jugar,ar,ju,NULL,ju,g,3,1,0,1,jue,uen,1,1,jueguen
jugar,ar,ju,NULL,ju,g,3,0,0,2,jue,ue,1,1,juegue
jugar,ar,ju,NULL,ju,g,3,1,0,2,jue,uen,1,1,jueguen
dar,ar,NULL,NULL,NULL,d,1,0,0,0,0,oy,1,1,doy
dar,ar,NULL,NULL,NULL,d,2,1,0,0,0,ais,1,1,dais
dar,ar,NULL,NULL,NULL,d,1,0,2,0,0,i,1,1,di
dar,ar,NULL,NULL,NULL,d,3,0,2,0,0,io,1,1,dio
dar,ar,NULL,NULL,NULL,d,2,1,0,1,0,eis,1,1,deis
regir,ir,re,NULL,re,g,1,0,0,0,ri,jo,1,1,rijo
regir,ir,re,NULL,re,g,1,0,0,1,ri,ja,1,1,rija
regir,ir,re,NULL,re,g,2,0,0,1,ri,jas,1,1,rijas
regir,ir,re,NULL,re,g,3,0,0,1,ri,ja,1,1,rija
regir,ir,re,NULL,re,g,1,1,0,1,ri,jamos,1,1,rijamos
regir,ir,re,NULL,re,g,2,1,0,1,ri,jáis,1,1,rijáis
regir,ir,re,NULL,re,g,3,1,0,1,ri,jan,1,1,rijan
regir,ir,re,NULL,re,g,3,0,0,2,ri,ja,1,1,rija
regir,ir,re,NULL,re,g,1,1,0,2,ri,jamos,1,1,rijamos
regir,ir,re,NULL,re,g,3,1,0,2,ri,jan,1,1,rijan
satisfacer,er,fa,NULL,fa,c,3,0,2,0,fi,zo,1,1,satisfizo
comenzar,ar,men,m,en,z,1,0,0,1,mien,ce,1,1,comience
comenzar,ar,men,m,en,z,2,0,0,1,mien,ces,1,1,comiences
comenzar,ar,men,m,en,z,3,0,0,1,mien,ce,1,1,comience
comenzar,ar,men,m,en,z,3,1,0,1,mien,cen,1,1,comiencen
comenzar,ar,men,m,en,z,3,0,0,2,mien,ce,1,1,comience
comenzar,ar,men,m,en,z,3,1,0,2,mien,cen,1,1,comiencen
tener,er,te,NULL,te,n,1,0,0,0,ten,go,1,1,tengo
tener,er,te,NULL,te,n,1,0,2,0,tu,ve,1,1,tuve
tener,er,te,NULL,te,n,2,0,2,0,tu,viste,1,1,tuviste
tener,er,te,NULL,te,n,3,0,2,0,tu,vo,1,1,tuvo
tener,er,te,NULL,te,n,1,1,2,0,tu,vimos,1,1,tuvimos
tener,er,te,NULL,te,n,2,1,2,0,tu,visteis,1,1,tuvisteis
tener,er,te,NULL,te,n,3,1,2,0,tu,vieron,1,1,tuvieron
tener,er,te,NULL,te,n,1,0,3,0,ten,dré,1,1,tendré
tener,er,te,NULL,te,n,2,0,3,0,ten,drás,1,1,tendrás
tener,er,te,NULL,te,n,3,0,3,0,ten,drá,1,1,tendrá
tener,er,te,NULL,te,n,1,1,3,0,ten,dremos,1,1,tendremos
tener,er,te,NULL,te,n,2,1,3,0,ten,dréis,1,1,tendréis
tener,er,te,NULL,te,n,3,1,3,0,ten,drán,1,1,tendrán
tener,er,te,NULL,te,n,1,0,4,0,ten,dría,1,1,tendría
tener,er,te,NULL,te,n,2,0,4,0,ten,drías,1,1,tendrías
tener,er,te,NULL,te,n,3,0,4,0,ten,dría,1,1,tendría
tener,er,te,NULL,te,n,1,1,4,0,ten,dríamos,1,1,tendríamos
tener,er,te,NULL,te,n,2,1,4,0,ten,dríais,1,1,tendríais
tener,er,te,NULL,te,n,3,1,4,0,ten,drían,1,1,tendrían
tener,er,te,NULL,te,n,1,0,0,1,ten,ga,1,1,tenga
tener,er,te,NULL,te,n,2,0,0,1,ten,gas,1,1,tengas
tener,er,te,NULL,te,n,3,0,0,1,ten,ga,1,1,tenga
tener,er,te,NULL,te,n,1,1,0,1,ten,gamos,1,1,tengamos
tener,er,te,NULL,te,n,2,1,0,1,ten,gáis,1,1,tengáis
tener,er,te,NULL,te,n,3,1,0,1,ten,gan,1,1,tengan
tener,er,te,NULL,te,n,1,0,1,1,tu,viera,1,1,tuviera
tener,er,te,NULL,te,n,2,0,1,1,tu,vieras,1,1,tuvieras
tener,er,te,NULL,te,n,3,0,1,1,tu,viera,1,1,tuviera
tener,er,te,NULL,te,n,1,1,1,1,tu,viéramos,1,1,tuviéramos
tener,er,te,NULL,te,n,2,1,1,1,tu,vierais,1,1,tuvierais
tener,er,te,NULL,te,n,3,1,1,1,tu,vieran,1,1,tuvieran
tener,er,te,NULL,te,n,1,0,3,1,tu,viere,1,1,tuviere
tener,er,te,NULL,te,n,2,0,3,1,tu,vieres,1,1,tuvieres
tener,er,te,NULL,te,n,3,0,3,1,tu,viere,1,1,tuviere
tener,er,te,NULL,te,n,1,1,3,1,tu,viéremos,1,1,tuviéremos
tener,er,te,NULL,te,n,2,1,3,1,tu,viereis,1,1,tuviereis
tener,er,te,NULL,te,n,3,1,3,1,tu,vieren,1,1,tuvieren
tener,er,te,NULL,te,n,3,0,0,2,ten,ga,1,1,tenga
tener,er,te,NULL,te,n,1,1,0,2,ten,gamos,1,1,tengamos
tener,er,te,NULL,te,n,3,1,0,2,ten,gan,1,1,tengan
suponer,er,po,NULL,po,n,1,0,0,0,pon,go,1,1,supongo
suponer,er,po,NULL,po,n,1,0,2,0,pu,se,1,1,supuse
suponer,er,po,NULL,po,n,2,0,2,0,pu,siste,1,1,supusiste
suponer,er,po,NULL,po,n,3,0,2,0,pu,so,1,1,supuso
suponer,er,po,NULL,po,n,1,1,2,0,pu,simos,1,1,supusimos
suponer,er,po,NULL,po,n,2,1,2,0,pu,sisteis,1,1,supusisteis
suponer,er,po,NULL,po,n,3,1,2,0,pu,sieron,1,1,supusieron
suponer,er,po,NULL,po,n,1,0,3,0,pon,dré,1,1,supondré
suponer,er,po,NULL,po,n,2,0,3,0,pon,drás,1,1,supondrás
suponer,er,po,NULL,po,n,3,0,3,0,pon,drá,1,1,supondrá
suponer,er,po,NULL,po,n,1,1,3,0,pon,dremos,1,1,supondremos
suponer,er,po,NULL,po,n,2,1,3,0,pon,dréis,1,1,supondréis
suponer,er,po,NULL,po,n,3,1,3,0,pon,drán,1,1,supondrán
suponer,er,po,NULL,po,n,1,0,4,0,pon,dría,1,1,supondría
suponer,er,po,NULL,po,n,2,0,4,0,pon,drías,1,1,supondrías
suponer,er,po,NULL,po,n,3,0,4,0,pon,dría,1,1,supondría
suponer,er,po,NULL,po,n,1,1,4,0,pon,dríamos,1,1,supondríamos
suponer,er,po,NULL,po,n,2,1,4,0,pon,dríais,1,1,supondríais
suponer,er,po,NULL,po,n,3,1,4,0,pon,drían,1,1,supondrían
suponer,er,po,NULL,po,n,1,0,0,1,pon,ga,1,1,suponga
suponer,er,po,NULL,po,n,2,0,0,1,pon,gas,1,1,supongas
suponer,er,po,NULL,po,n,3,0,0,1,pon,ga,1,1,suponga
suponer,er,po,NULL,po,n,1,1,0,1,pon,gamos,1,1,supongamos
suponer,er,po,NULL,po,n,2,1,0,1,pon,gáis,1,1,supongáis
suponer,er,po,NULL,po,n,3,1,0,1,pon,gan,1,1,supongan
suponer,er,po,NULL,po,n,1,0,1,1,pu,siera,1,1,supusiera
suponer,er,po,NULL,po,n,2,0,1,1,pu,sieras,1,1,supusieras
suponer,er,po,NULL,po,n,3,0,1,1,pu,siera,1,1,supusiera
suponer,er,po,NULL,po,n,1,1,1,1,pu,siéramos,1,1,supusiéramos
suponer,er,po,NULL,po,n,2,1,1,1,pu,sierais,1,1,supusierais
suponer,er,po,NULL,po,n,3,1,1,1,pu,sieran,1,1,supusieran
suponer,er,po,NULL,po,n,1,0,3,1,pu,siere,1,1,supusiere
suponer,er,po,NULL,po,n,2,0,3,1,pu,sieres,1,1,supusieres
suponer,er,po,NULL,po,n,3,0,3,1,pu,siere,1,1,supusiere
suponer,er,po,NULL,po,n,1,1,3,1,pu,siéremos,1,1,supusiéremos
suponer,er,po,NULL,po,n,2,1,3,1,pu,siereis,1,1,supusiereis
suponer,er,po,NULL,po,n,3,1,3,1,pu,sieren,1,1,supusieren
suponer,er,po,NULL,po,n,3,0,0,2,pon,ga,1,1,suponga
suponer,er,po,NULL,po,n,1,1,0,2,pon,gamos,1,1,supongamos
suponer,er,po,NULL,po,n,3,1,0,2,pon,gan,1,1,supongan
elegir,ir,le,NULL,le,g,1,0,0,0,li,jo,1,1,elijo
elegir,ir,le,NULL,le,g,1,0,0,1,li,ja,1,1,elija
elegir,ir,le,NULL,le,g,2,0,0,1,li,jas,1,1,elijas
elegir,ir,le,NULL,le,g,3,0,0,1,li,ja,1,1,elija
elegir,ir,le,NULL,le,g,1,1,0,1,li,jamos,1,1,elijamos
elegir,ir,le,NULL,le,g,2,1,0,1,li,jáis,1,1,elijáis
elegir,ir,le,NULL,le,g,3,1,0,1,li,jan,1,1,elijan
elegir,ir,le,NULL,le,g,3,0,0,2,li,ja,1,1,elija
elegir,ir,le,NULL,le,g,1,1,0,2,li,jamos,1,1,elijamos
elegir,ir,le,NULL,le,g,3,1,0,2,li,jan,1,1,elijan
querer,er,que,q,ue,r,1,0,2,0,qui,se,1,1,quise
querer,er,que,q,ue,r,2,0,2,0,qui,siste,1,1,quisiste
querer,er,que,q,ue,r,3,0,2,0,qui,so,1,1,quiso
querer,er,que,q,ue,r,1,1,2,0,qui,simos,1,1,quisimos
querer,er,que,q,ue,r,2,1,2,0,qui,sisteis,1,1,quisisteis
querer,er,que,q,ue,r,3,1,2,0,qui,sieron,1,1,quisieron
querer,er,que,q,ue,r,1,0,1,1,qui,siera,1,1,quisiera
querer,er,que,q,ue,r,2,0,1,1,qui,sieras,1,1,quisieras
querer,er,que,q,ue,r,3,0,1,1,qui,siera,1,1,quisiera
querer,er,que,q,ue,r,1,1,1,1,qui,siéramos,1,1,quisiéramos
querer,er,que,q,ue,r,2,1,1,1,qui,sierais,1,1,quisierais
querer,er,que,q,ue,r,3,1,1,1,qui,sieran,1,1,quisieran
querer,er,que,q,ue,r,1,0,3,1,qui,siere,1,1,quisiere
querer,er,que,q,ue,r,2,0,3,1,qui,sieres,1,1,quisieres
querer,er,que,q,ue,r,3,0,3,1,qui,siere,1,1,quisiere
querer,er,que,q,ue,r,1,1,3,1,qui,siéremos,1,1,quisiéremos
querer,er,que,q,ue,r,2,1,3,1,qui,siereis,1,1,quisiereis
querer,er,que,q,ue,r,3,1,3,1,qui,sieren,1,1,quisieren
agregar,ar,gre,g,re,g,1,0,2,0,0,ué,0,1,agregué
agregar,ar,gre,g,re,g,1,0,0,1,0,ue,0,1,agregue
agregar,ar,gre,g,re,g,2,0,0,1,0,ues,0,1,agregues
agregar,ar,gre,g,re,g,3,0,0,1,0,ue,0,1,agregue
agregar,ar,gre,g,re,g,1,1,0,1,0,uemos,0,1,agreguemos
agregar,ar,gre,g,re,g,2,1,0,1,0,uéis,0,1,agreguéis
agregar,ar,gre,g,re,g,3,1,0,1,0,uen,0,1,agreguen
agregar,ar,gre,g,re,g,3,0,0,2,0,ue,0,1,agregue
agregar,ar,gre,g,re,g,1,1,0,2,0,uemos,0,1,agreguemos
agregar,ar,gre,g,re,g,3,1,0,2,0,uen,0,1,agreguen
estar,ar,es,NULL,es,t,1,0,0,0,0,oy,0,1,estoy
estar,ar,es,NULL,es,t,2,0,0,0,0,ás,0,1,estás
estar,ar,es,NULL,es,t,3,0,0,0,0,á,0,1,está
estar,ar,es,NULL,es,t,3,1,0,0,0,án,0,1,están
estar,ar,es,NULL,es,t,1,0,2,0,0,uve,0,1,estuve
estar,ar,es,NULL,es,t,2,0,2,0,0,uviste,0,1,estuviste
estar,ar,es,NULL,es,t,3,0,2,0,0,uvo,0,1,estuvo
estar,ar,es,NULL,es,t,1,1,2,0,0,uvimos,0,1,estuvimos
estar,ar,es,NULL,es,t,2,1,2,0,0,uvisteis,0,1,estuvisteis
estar,ar,es,NULL,es,t,3,1,2,0,0,uvieron,0,1,estuvieron
estar,ar,es,NULL,es,t,1,0,0,1,0,é,0,1,esté
estar,ar,es,NULL,es,t,2,0,0,1,0,és,0,1,estés
estar,ar,es,NULL,es,t,3,0,0,1,0,é,0,1,esté
estar,ar,es,NULL,es,t,3,1,0,1,0,én,0,1,estén
estar,ar,es,NULL,es,t,1,0,1,1,0,uviera,0,1,estuviera
estar,ar,es,NULL,es,t,2,0,1,1,0,uvieras,0,1,estuvieras
estar,ar,es,NULL,es,t,3,0,1,1,0,uviera,0,1,estuviera
estar,ar,es,NULL,es,t,1,1,1,1,0,uviéramos,0,1,estuviéramos
estar,ar,es,NULL,es,t,2,1,1,1,0,uvierais,0,1,estuvierais
estar,ar,es,NULL,es,t,3,1,1,1,0,uvieran,0,1,estuvieran
estar,ar,es,NULL,es,t,1,0,3,1,0,uviere,0,1,estuviere
estar,ar,es,NULL,es,t,2,0,3,1,0,uvieres,0,1,estuvieres
estar,ar,es,NULL,es,t,3,0,3,1,0,uviere,0,1,estuviere
estar,ar,es,NULL,es,t,1,1,3,1,0,uviéremos,0,1,estuviéremos
estar,ar,es,NULL,es,t,2,1,3,1,0,uviereis,0,1,estuviereis
estar,ar,es,NULL,es,t,3,1,3,1,0,uvieren,0,1,estuvieren
estar,ar,es,NULL,es,t,2,0,0,2,0,á,0,1,está
estar,ar,es,NULL,es,t,3,0,0,2,0,é,0,1,esté
estar,ar,es,NULL,es,t,3,1,0,2,0,én,0,1,estén
analizar,ar,li,NULL,li,z,1,0,2,0,0,cé,0,1,analicé
analizar,ar,li,NULL,li,z,1,0,0,1,0,ce,0,1,analice
analizar,ar,li,NULL,li,z,2,0,0,1,0,ces,0,1,analices
analizar,ar,li,NULL,li,z,3,0,0,1,0,ce,0,1,analice
analizar,ar,li,NULL,li,z,1,1,0,1,0,cemos,0,1,analicemos
analizar,ar,li,NULL,li,z,2,1,0,1,0,céis,0,1,analicéis
analizar,ar,li,NULL,li,z,3,1,0,1,0,cen,0,1,analicen
analizar,ar,li,NULL,li,z,3,0,0,2,0,ce,0,1,analice
analizar,ar,li,NULL,li,z,1,1,0,2,0,cemos,0,1,analicemos
analizar,ar,li,NULL,li,z,3,1,0,2,0,cen,0,1,analicen
llegar,ar,lle,l,le,g,1,0,2,0,0,ué,0,1,llegué
llegar,ar,lle,l,le,g,1,0,0,1,0,ue,0,1,llegue
llegar,ar,lle,l,le,g,2,0,0,1,0,ues,0,1,llegues
llegar,ar,lle,l,le,g,3,0,0,1,0,ue,0,1,llegue
llegar,ar,lle,l,le,g,1,1,0,1,0,uemos,0,1,lleguemos
llegar,ar,lle,l,le,g,2,1,0,1,0,uéis,0,1,lleguéis
llegar,ar,lle,l,le,g,3,1,0,1,0,uen,0,1,lleguen
llegar,ar,lle,l,le,g,3,0,0,2,0,ue,0,1,llegue
llegar,ar,lle,l,le,g,1,1,0,2,0,uemos,0,1,lleguemos
llegar,ar,lle,l,le,g,3,1,0,2,0,uen,0,1,lleguen
atacar,ar,ta,NULL,ta,c,1,0,2,0,0,qué,0,1,ataqué
atacar,ar,ta,NULL,ta,c,1,0,0,1,0,que,0,1,ataque
atacar,ar,ta,NULL,ta,c,2,0,0,1,0,ques,0,1,ataques
atacar,ar,ta,NULL,ta,c,3,0,0,1,0,que,0,1,ataque
atacar,ar,ta,NULL,ta,c,1,1,0,1,0,quemos,0,1,ataquemos
atacar,ar,ta,NULL,ta,c,2,1,0,1,0,quéis,0,1,ataquéis
atacar,ar,ta,NULL,ta,c,3,1,0,1,0,quen,0,1,ataquen
atacar,ar,ta,NULL,ta,c,3,0,0,2,0,que,0,1,ataque
atacar,ar,ta,NULL,ta,c,1,1,0,2,0,quemos,0,1,ataquemos
atacar,ar,ta,NULL,ta,c,3,1,0,2,0,quen,0,1,ataquen
atraer,er,tra,t,ra,NULL,1,0,2,0,0,je,0,1,atraje
atraer,er,tra,t,ra,NULL,2,0,2,0,0,jiste,0,1,atrajiste
atraer,er,tra,t,ra,NULL,3,0,2,0,0,jo,0,1,atrajo
atraer,er,tra,t,ra,NULL,1,1,2,0,0,jimos,0,1,atrajimos
atraer,er,tra,t,ra,NULL,2,1,2,0,0,jisteis,0,1,atrajisteis
atraer,er,tra,t,ra,NULL,3,1,2,0,0,jeron,0,1,atrajeron
atraer,er,tra,t,ra,NULL,1,0,1,1,0,jera,0,1,atrajera
atraer,er,tra,t,ra,NULL,2,0,1,1,0,jeras,0,1,atrajeras
atraer,er,tra,t,ra,NULL,3,0,1,1,0,jera,0,1,atrajera
atraer,er,tra,t,ra,NULL,1,1,1,1,0,jéramos,0,1,atrajéramos
atraer,er,tra,t,ra,NULL,2,1,1,1,0,jerais,0,1,atrajerais
atraer,er,tra,t,ra,NULL,3,1,1,1,0,jeran,0,1,atrajeran
atraer,er,tra,t,ra,NULL,1,0,3,1,0,jere,0,1,atrajere
atraer,er,tra,t,ra,NULL,2,0,3,1,0,jeres,0,1,atrajeres
atraer,er,tra,t,ra,NULL,3,0,3,1,0,jere,0,1,atrajere
atraer,er,tra,t,ra,NULL,1,1,3,1,0,jéremos,0,1,atrajéremos
atraer,er,tra,t,ra,NULL,2,1,3,1,0,jereis,0,1,atrajereis
atraer,er,tra,t,ra,NULL,3,1,3,1,0,jeren,0,1,atrajeren
rogar,ar,ro,NULL,ro,g,1,0,2,0,0,ué,0,1,rogué
rogar,ar,ro,NULL,ro,g,1,1,0,1,0,uemos,0,1,roguemos
rogar,ar,ro,NULL,ro,g,2,1,0,1,0,uéis,0,1,roguéis
rogar,ar,ro,NULL,ro,g,1,1,0,2,0,uemos,0,1,roguemos
desafiar,ar,sa,NULL,sa,fi,1,0,0,0,0,fío,0,1,desafío
desafiar,ar,sa,NULL,sa,fi,2,0,0,0,0,fías,0,1,desafías
desafiar,ar,sa,NULL,sa,fi,3,0,0,0,0,fía,0,1,desafía
desafiar,ar,sa,NULL,sa,fi,3,1,0,0,0,fían,0,1,desafían
desafiar,ar,sa,NULL,sa,fi,1,0,0,1,0,fíe,0,1,desafíe
desafiar,ar,sa,NULL,sa,fi,2,0,0,1,0,fíes,0,1,desafíes
desafiar,ar,sa,NULL,sa,fi,3,0,0,1,0,fíe,0,1,desafíe
desafiar,ar,sa,NULL,sa,fi,3,1,0,1,0,fíen,0,1,desafíen
desafiar,ar,sa,NULL,sa,fi,2,0,0,2,0,fía,0,1,desafía
desafiar,ar,sa,NULL,sa,fi,3,0,0,2,0,fíe,0,1,desafíe
desafiar,ar,sa,NULL,sa,fi,3,1,0,2,0,fíen,0,1,desafíen
cargar,ar,car,c,ar,g,1,0,2,0,0,ué,0,1,cargué
cargar,ar,car,c,ar,g,1,0,0,1,0,ue,0,1,cargue
cargar,ar,car,c,ar,g,2,0,0,1,0,ues,0,1,cargues
cargar,ar,car,c,ar,g,3,0,0,1,0,ue,0,1,cargue
cargar,ar,car,c,ar,g,1,1,0,1,0,uemos,0,1,carguemos
cargar,ar,car,c,ar,g,2,1,0,1,0,uéis,0,1,carguéis
cargar,ar,car,c,ar,g,3,1,0,1,0,uen,0,1,carguen
cargar,ar,car,c,ar,g,3,0,0,2,0,ue,0,1,cargue
cargar,ar,car,c,ar,g,1,1,0,2,0,uemos,0,1,carguemos
cargar,ar,car,c,ar,g,3,1,0,2,0,uen,0,1,carguen
cazar,ar,ca,NULL,ca,z,1,0,2,0,0,cé,0,1,cacé
cazar,ar,ca,NULL,ca,z,1,0,0,1,0,ce,0,1,cace
cazar,ar,ca,NULL,ca,z,2,0,0,1,0,ces,0,1,caces
cazar,ar,ca,NULL,ca,z,3,0,0,1,0,ce,0,1,cace
cazar,ar,ca,NULL,ca,z,1,1,0,1,0,cemos,0,1,cacemos
cazar,ar,ca,NULL,ca,z,2,1,0,1,0,céis,0,1,cacéis
cazar,ar,ca,NULL,ca,z,3,1,0,1,0,cen,0,1,cacen
cazar,ar,ca,NULL,ca,z,3,0,0,2,0,ce,0,1,cace
cazar,ar,ca,NULL,ca,z,1,1,0,2,0,cemos,0,1,cacemos
cazar,ar,ca,NULL,ca,z,3,1,0,2,0,cen,0,1,cacen
verificar,ar,fi,NULL,fi,c,1,0,2,0,0,qué,0,1,verifiqué
verificar,ar,fi,NULL,fi,c,1,0,0,1,0,que,0,1,verifique
verificar,ar,fi,NULL,fi,c,2,0,0,1,0,ques,0,1,verifiques
verificar,ar,fi,NULL,fi,c,3,0,0,1,0,que,0,1,verifique
verificar,ar,fi,NULL,fi,c,1,1,0,1,0,quemos,0,1,verifiquemos
verificar,ar,fi,NULL,fi,c,2,1,0,1,0,quéis,0,1,verifiquéis
verificar,ar,fi,NULL,fi,c,3,1,0,1,0,quen,0,1,verifiquen
verificar,ar,fi,NULL,fi,c,3,0,0,2,0,que,0,1,verifique
verificar,ar,fi,NULL,fi,c,1,1,0,2,0,quemos,0,1,verifiquemos
verificar,ar,fi,NULL,fi,c,3,1,0,2,0,quen,0,1,verifiquen
mascar,ar,mas,m,as,c,1,0,2,0,0,qué,0,1,masqué
mascar,ar,mas,m,as,c,1,0,0,1,0,que,0,1,masque
mascar,ar,mas,m,as,c,2,0,0,1,0,ques,0,1,masques
mascar,ar,mas,m,as,c,3,0,0,1,0,que,0,1,masque
mascar,ar,mas,m,as,c,1,1,0,1,0,quemos,0,1,masquemos
mascar,ar,mas,m,as,c,2,1,0,1,0,quéis,0,1,masquéis
mascar,ar,mas,m,as,c,3,1,0,1,0,quen,0,1,masquen
mascar,ar,mas,m,as,c,3,0,0,2,0,que,0,1,masque
mascar,ar,mas,m,as,c,1,1,0,2,0,quemos,0,1,masquemos
mascar,ar,mas,m,as,c,3,1,0,2,0,quen,0,1,masquen
continuar,ar,ti,NULL,ti,nu,1,0,0,0,0,núo,0,1,continúo
continuar,ar,ti,NULL,ti,nu,2,0,0,0,0,núas,0,1,continúas
continuar,ar,ti,NULL,ti,nu,3,0,0,0,0,núa,0,1,continúa
continuar,ar,ti,NULL,ti,nu,3,1,0,0,0,núan,0,1,continúan
continuar,ar,ti,NULL,ti,nu,1,0,0,1,0,núe,0,1,continúe
continuar,ar,ti,NULL,ti,nu,2,0,0,1,0,núes,0,1,continúes
continuar,ar,ti,NULL,ti,nu,3,0,0,1,0,núe,0,1,continúe
continuar,ar,ti,NULL,ti,nu,3,1,0,1,0,núen,0,1,continúen
continuar,ar,ti,NULL,ti,nu,2,0,0,2,0,núa,0,1,continúa
continuar,ar,ti,NULL,ti,nu,3,0,0,2,0,núe,0,1,continúe
continuar,ar,ti,NULL,ti,nu,3,1,0,2,0,núen,0,1,continúen
cruzar,ar,cru,c,ru,z,1,0,2,0,0,cé,0,1,crucé
cruzar,ar,cru,c,ru,z,1,0,0,1,0,ce,0,1,cruce
cruzar,ar,cru,c,ru,z,2,0,0,1,0,ces,0,1,cruces
cruzar,ar,cru,c,ru,z,3,0,0,1,0,ce,0,1,cruce
cruzar,ar,cru,c,ru,z,1,1,0,1,0,cemos,0,1,crucemos
cruzar,ar,cru,c,ru,z,2,1,0,1,0,céis,0,1,crucéis
cruzar,ar,cru,c,ru,z,3,1,0,1,0,cen,0,1,crucen
cruzar,ar,cru,c,ru,z,3,0,0,2,0,ce,0,1,cruce
cruzar,ar,cru,c,ru,z,1,1,0,2,0,cemos,0,1,crucemos
cruzar,ar,cru,c,ru,z,3,1,0,2,0,cen,0,1,crucen
destruir,ir,des,d,es,tru,1,0,0,0,0,yo,0,1,destruyo
destruir,ir,des,d,es,tru,2,0,0,0,0,yes,0,1,destruyes
destruir,ir,des,d,es,tru,3,0,0,0,0,ye,0,1,destruye
destruir,ir,des,d,es,tru,3,1,0,0,0,yen,0,1,destruyen
destruir,ir,des,d,es,tru,3,0,2,0,0,yó,0,1,destruyó
destruir,ir,des,d,es,tru,3,1,2,0,0,yeron,0,1,destruyeron
destruir,ir,des,d,es,tru,1,0,0,1,0,ya,0,1,destruya
destruir,ir,des,d,es,tru,2,0,0,1,0,yas,0,1,destruyas
destruir,ir,des,d,es,tru,3,0,0,1,0,ya,0,1,destruya
destruir,ir,des,d,es,tru,1,1,0,1,0,yamos,0,1,destruyamos
destruir,ir,des,d,es,tru,2,1,0,1,0,yáis,0,1,destruyáis
destruir,ir,des,d,es,tru,3,1,0,1,0,yan,0,1,destruyan
destruir,ir,des,d,es,tru,1,0,1,1,0,yera,0,1,destruyera
destruir,ir,des,d,es,tru,2,0,1,1,0,yeras,0,1,destruyeras
destruir,ir,des,d,es,tru,3,0,1,1,0,yera,0,1,destruyera
destruir,ir,des,d,es,tru,1,1,1,1,0,yéramos,0,1,destruyéramos
destruir,ir,des,d,es,tru,2,1,1,1,0,yerais,0,1,destruyerais
destruir,ir,des,d,es,tru,3,1,1,1,0,yeran,0,1,destruyeran
destruir,ir,des,d,es,tru,1,0,3,1,0,yere,0,1,destruyere
destruir,ir,des,d,es,tru,2,0,3,1,0,yeres,0,1,destruyeres
destruir,ir,des,d,es,tru,3,0,3,1,0,yere,0,1,destruyere
destruir,ir,des,d,es,tru,1,1,3,1,0,yéremos,0,1,destruyéremos
destruir,ir,des,d,es,tru,2,1,3,1,0,yereis,0,1,destruyereis
destruir,ir,des,d,es,tru,3,1,3,1,0,yeren,0,1,destruyeren
destruir,ir,des,d,es,tru,2,0,0,2,0,ye,0,1,destruye
destruir,ir,des,d,es,tru,3,0,0,2,0,ya,0,1,destruya
destruir,ir,des,d,es,tru,1,1,0,2,0,yamos,0,1,destruyamos
destruir,ir,des,d,es,tru,3,1,0,2,0,yan,0,1,destruyan
duplicar,ar,pli,p,li,c,1,0,2,0,0,qué,0,1,dupliqué
duplicar,ar,pli,p,li,c,1,0,0,1,0,que,0,1,duplique
duplicar,ar,pli,p,li,c,2,0,0,1,0,ques,0,1,dupliques
duplicar,ar,pli,p,li,c,3,0,0,1,0,que,0,1,duplique
duplicar,ar,pli,p,li,c,1,1,0,1,0,quemos,0,1,dupliquemos
duplicar,ar,pli,p,li,c,2,1,0,1,0,quéis,0,1,dupliquéis
duplicar,ar,pli,p,li,c,3,1,0,1,0,quen,0,1,dupliquen
duplicar,ar,pli,p,li,c,3,0,0,2,0,que,0,1,duplique
duplicar,ar,pli,p,li,c,1,1,0,2,0,quemos,0,1,dupliquemos
duplicar,ar,pli,p,li,c,3,1,0,2,0,quen,0,1,dupliquen
caer,er,ca,NULL,ca,NULL,2,0,2,0,0,íste,0,1,caíste
caer,er,ca,NULL,ca,NULL,3,0,2,0,0,yó,0,1,cayó
caer,er,ca,NULL,ca,NULL,1,1,2,0,0,ímos,0,1,caímos
caer,er,ca,NULL,ca,NULL,2,1,2,0,0,ísteis,0,1,caísteis
caer,er,ca,NULL,ca,NULL,3,1,2,0,0,yeron,0,1,cayeron
caer,er,ca,NULL,ca,NULL,1,0,1,1,0,yera,0,1,cayera
caer,er,ca,NULL,ca,NULL,2,0,1,1,0,yeras,0,1,cayeras
caer,er,ca,NULL,ca,NULL,3,0,1,1,0,yera,0,1,cayera
caer,er,ca,NULL,ca,NULL,1,1,1,1,0,yéramos,0,1,cayéramos
caer,er,ca,NULL,ca,NULL,2,1,1,1,0,yerais,0,1,cayerais
caer,er,ca,NULL,ca,NULL,3,1,1,1,0,yeran,0,1,cayeran
caer,er,ca,NULL,ca,NULL,1,0,3,1,0,yere,0,1,cayere
caer,er,ca,NULL,ca,NULL,2,0,3,1,0,yeres,0,1,cayeres
caer,er,ca,NULL,ca,NULL,3,0,3,1,0,yere,0,1,cayere
caer,er,ca,NULL,ca,NULL,1,1,3,1,0,yéremos,0,1,cayéremos
caer,er,ca,NULL,ca,NULL,2,1,3,1,0,yereis,0,1,cayereis
caer,er,ca,NULL,ca,NULL,3,1,3,1,0,yeren,0,1,cayeren
ahogar,ar,ho,NULL,ho,g,1,0,2,0,0,ué,0,1,ahogué
ahogar,ar,ho,NULL,ho,g,1,0,0,1,0,ue,0,1,ahogue
ahogar,ar,ho,NULL,ho,g,2,0,0,1,0,ues,0,1,ahogues
ahogar,ar,ho,NULL,ho,g,3,0,0,1,0,ue,0,1,ahogue
ahogar,ar,ho,NULL,ho,g,1,1,0,1,0,uemos,0,1,ahoguemos
ahogar,ar,ho,NULL,ho,g,2,1,0,1,0,uéis,0,1,ahoguéis
ahogar,ar,ho,NULL,ho,g,3,1,0,1,0,uen,0,1,ahoguen
ahogar,ar,ho,NULL,ho,g,3,0,0,2,0,ue,0,1,ahogue
ahogar,ar,ho,NULL,ho,g,1,1,0,2,0,uemos,0,1,ahoguemos
ahogar,ar,ho,NULL,ho,g,3,1,0,2,0,uen,0,1,ahoguen
secar,ar,se,NULL,se,c,1,0,2,0,0,qué,0,1,sequé
secar,ar,se,NULL,se,c,1,0,0,1,0,que,0,1,seque
secar,ar,se,NULL,se,c,2,0,0,1,0,ques,0,1,seques
secar,ar,se,NULL,se,c,3,0,0,1,0,que,0,1,seque
secar,ar,se,NULL,se,c,1,1,0,1,0,quemos,0,1,sequemos
secar,ar,se,NULL,se,c,2,1,0,1,0,quéis,0,1,sequéis
secar,ar,se,NULL,se,c,3,1,0,1,0,quen,0,1,sequen
secar,ar,se,NULL,se,c,3,0,0,2,0,que,0,1,seque
secar,ar,se,NULL,se,c,1,1,0,2,0,quemos,0,1,sequemos
secar,ar,se,NULL,se,c,3,1,0,2,0,quen,0,1,sequen
educar,ar,du,NULL,du,c,1,0,2,0,0,qué,0,1,eduqué
educar,ar,du,NULL,du,c,1,0,0,1,0,que,0,1,eduque
educar,ar,du,NULL,du,c,2,0,0,1,0,ques,0,1,eduques
educar,ar,du,NULL,du,c,3,0,0,1,0,que,0,1,eduque
educar,ar,du,NULL,du,c,1,1,0,1,0,quemos,0,1,eduquemos
educar,ar,du,NULL,du,c,2,1,0,1,0,quéis,0,1,eduquéis
educar,ar,du,NULL,du,c,3,1,0,1,0,quen,0,1,eduquen
educar,ar,du,NULL,du,c,3,0,0,2,0,que,0,1,eduque
educar,ar,du,NULL,du,c,1,1,0,2,0,quemos,0,1,eduquemos
educar,ar,du,NULL,du,c,3,1,0,2,0,quen,0,1,eduquen
avergonzar,ar,gon,g,on,z,1,0,2,0,0,cé,0,1,avergoncé
avergonzar,ar,gon,g,on,z,1,1,0,1,0,cemos,0,1,avergoncemos
avergonzar,ar,gon,g,on,z,2,1,0,1,0,céis,0,1,avergoncéis
avergonzar,ar,gon,g,on,z,1,1,0,2,0,cemos,0,1,avergoncemos
vaciar,ar,va,NULL,va,ci,1,0,0,0,0,cío,0,1,vacío
vaciar,ar,va,NULL,va,ci,2,0,0,0,0,cías,0,1,vacías
vaciar,ar,va,NULL,va,ci,3,0,0,0,0,cía,0,1,vacía
vaciar,ar,va,NULL,va,ci,3,1,0,0,0,cían,0,1,vacían
vaciar,ar,va,NULL,va,ci,1,0,0,1,0,cíe,0,1,vacíe
vaciar,ar,va,NULL,va,ci,2,0,0,1,0,cíes,0,1,vacíes
vaciar,ar,va,NULL,va,ci,3,0,0,1,0,cíe,0,1,vacíe
vaciar,ar,va,NULL,va,ci,3,1,0,1,0,cíen,0,1,vacíen
vaciar,ar,va,NULL,va,ci,2,0,0,2,0,cía,0,1,vacía
vaciar,ar,va,NULL,va,ci,3,0,0,2,0,cíe,0,1,vacíe
vaciar,ar,va,NULL,va,ci,3,1,0,2,0,cíen,0,1,vacíen
finalizar,ar,li,NULL,li,z,1,0,2,0,0,cé,0,1,finalicé
finalizar,ar,li,NULL,li,z,1,0,0,1,0,ce,0,1,finalice
finalizar,ar,li,NULL,li,z,2,0,0,1,0,ces,0,1,finalices
finalizar,ar,li,NULL,li,z,3,0,0,1,0,ce,0,1,finalice
finalizar,ar,li,NULL,li,z,1,1,0,1,0,cemos,0,1,finalicemos
finalizar,ar,li,NULL,li,z,2,1,0,1,0,céis,0,1,finalicéis
finalizar,ar,li,NULL,li,z,3,1,0,1,0,cen,0,1,finalicen
finalizar,ar,li,NULL,li,z,3,0,0,2,0,ce,0,1,finalice
finalizar,ar,li,NULL,li,z,1,1,0,2,0,cemos,0,1,finalicemos
finalizar,ar,li,NULL,li,z,3,1,0,2,0,cen,0,1,finalicen
explicar,ar,pli,p,li,c,1,0,2,0,0,qué,0,1,expliqué
explicar,ar,pli,p,li,c,1,0,0,1,0,que,0,1,explique
explicar,ar,pli,p,li,c,2,0,0,1,0,ques,0,1,expliques
explicar,ar,pli,p,li,c,3,0,0,1,0,que,0,1,explique
explicar,ar,pli,p,li,c,1,1,0,1,0,quemos,0,1,expliquemos
explicar,ar,pli,p,li,c,2,1,0,1,0,quéis,0,1,expliquéis
explicar,ar,pli,p,li,c,3,1,0,1,0,quen,0,1,expliquen
explicar,ar,pli,p,li,c,3,0,0,2,0,que,0,1,explique
explicar,ar,pli,p,li,c,1,1,0,2,0,quemos,0,1,expliquemos
explicar,ar,pli,p,li,c,3,1,0,2,0,quen,0,1,expliquen
enviar,ar,en,NULL,en,vi,1,0,0,0,0,vío,0,1,envío
enviar,ar,en,NULL,en,vi,2,0,0,0,0,vías,0,1,envías
enviar,ar,en,NULL,en,vi,3,0,0,0,0,vía,0,1,envía
enviar,ar,en,NULL,en,vi,3,1,0,0,0,vían,0,1,envían
enviar,ar,en,NULL,en,vi,1,0,0,1,0,víe,0,1,envíe
enviar,ar,en,NULL,en,vi,2,0,0,1,0,víes,0,1,envíes
enviar,ar,en,NULL,en,vi,3,0,0,1,0,víe,0,1,envíe
enviar,ar,en,NULL,en,vi,3,1,0,1,0,víen,0,1,envíen
enviar,ar,en,NULL,en,vi,2,0,0,2,0,vía,0,1,envía
enviar,ar,en,NULL,en,vi,3,0,0,2,0,víe,0,1,envíe
enviar,ar,en,NULL,en,vi,3,1,0,2,0,víen,0,1,envíen
caber,er,ca,NULL,ca,b,1,0,3,0,0,ré,0,1,cabré
caber,er,ca,NULL,ca,b,2,0,3,0,0,rás,0,1,cabrás
caber,er,ca,NULL,ca,b,3,0,3,0,0,rá,0,1,cabrá
caber,er,ca,NULL,ca,b,1,1,3,0,0,remos,0,1,cabremos
caber,er,ca,NULL,ca,b,2,1,3,0,0,réis,0,1,cabréis
caber,er,ca,NULL,ca,b,3,1,3,0,0,rán,0,1,cabrán
caber,er,ca,NULL,ca,b,1,0,4,0,0,ría,0,1,cabría
caber,er,ca,NULL,ca,b,2,0,4,0,0,rías,0,1,cabrías
caber,er,ca,NULL,ca,b,3,0,4,0,0,ría,0,1,cabría
caber,er,ca,NULL,ca,b,1,1,4,0,0,ríamos,0,1,cabríamos
caber,er,ca,NULL,ca,b,2,1,4,0,0,ríais,0,1,cabríais
caber,er,ca,NULL,ca,b,3,1,4,0,0,rían,0,1,cabrían
fluir,ir,NULL,NULL,NULL,flu,1,0,0,0,0,yo,0,1,fluyo
fluir,ir,NULL,NULL,NULL,flu,2,0,0,0,0,yes,0,1,fluyes
fluir,ir,NULL,NULL,NULL,flu,3,0,0,0,0,ye,0,1,fluye
fluir,ir,NULL,NULL,NULL,flu,3,1,0,0,0,yen,0,1,fluyen
fluir,ir,NULL,NULL,NULL,flu,3,0,2,0,0,yó,0,1,fluyó
fluir,ir,NULL,NULL,NULL,flu,3,1,2,0,0,yeron,0,1,fluyeron
fluir,ir,NULL,NULL,NULL,flu,1,0,0,1,0,ya,0,1,fluya
fluir,ir,NULL,NULL,NULL,flu,2,0,0,1,0,yas,0,1,fluyas
fluir,ir,NULL,NULL,NULL,flu,3,0,0,1,0,ya,0,1,fluya
fluir,ir,NULL,NULL,NULL,flu,1,1,0,1,0,yamos,0,1,fluyamos
fluir,ir,NULL,NULL,NULL,flu,2,1,0,1,0,yáis,0,1,fluyáis
fluir,ir,NULL,NULL,NULL,flu,3,1,0,1,0,yan,0,1,fluyan
fluir,ir,NULL,NULL,NULL,flu,1,0,1,1,0,yera,0,1,fluyera
fluir,ir,NULL,NULL,NULL,flu,2,0,1,1,0,yeras,0,1,fluyeras
fluir,ir,NULL,NULL,NULL,flu,3,0,1,1,0,yera,0,1,fluyera
fluir,ir,NULL,NULL,NULL,flu,1,1,1,1,0,yéramos,0,1,fluyéramos
fluir,ir,NULL,NULL,NULL,flu,2,1,1,1,0,yerais,0,1,fluyerais
fluir,ir,NULL,NULL,NULL,flu,3,1,1,1,0,yeran,0,1,fluyeran
fluir,ir,NULL,NULL,NULL,flu,1,0,3,1,0,yere,0,1,fluyere
fluir,ir,NULL,NULL,NULL,flu,2,0,3,1,0,yeres,0,1,fluyeres
fluir,ir,NULL,NULL,NULL,flu,3,0,3,1,0,yere,0,1,fluyere
fluir,ir,NULL,NULL,NULL,flu,1,1,3,1,0,yéremos,0,1,fluyéremos
fluir,ir,NULL,NULL,NULL,flu,2,1,3,1,0,yereis,0,1,fluyereis
fluir,ir,NULL,NULL,NULL,flu,3,1,3,1,0,yeren,0,1,fluyeren
fluir,ir,NULL,NULL,NULL,flu,2,0,0,2,0,ye,0,1,fluye
fluir,ir,NULL,NULL,NULL,flu,3,0,0,2,0,ya,0,1,fluya
fluir,ir,NULL,NULL,NULL,flu,1,1,0,2,0,yamos,0,1,fluyamos
fluir,ir,NULL,NULL,NULL,flu,3,1,0,2,0,yan,0,1,fluyan
forzar,ar,for,f,or,z,1,0,2,0,0,cé,0,1,forcé
forzar,ar,for,f,or,z,1,1,0,1,0,cemos,0,1,forcemos
forzar,ar,for,f,or,z,2,1,0,1,0,céis,0,1,forcéis
forzar,ar,for,f,or,z,1,1,0,2,0,cemos,0,1,forcemos
enmarcar,ar,mar,m,ar,c,1,0,2,0,0,qué,0,1,enmarqué
enmarcar,ar,mar,m,ar,c,1,0,0,1,0,que,0,1,enmarque
enmarcar,ar,mar,m,ar,c,2,0,0,1,0,ques,0,1,enmarques
enmarcar,ar,mar,m,ar,c,3,0,0,1,0,que,0,1,enmarque
enmarcar,ar,mar,m,ar,c,1,1,0,1,0,quemos,0,1,enmarquemos
enmarcar,ar,mar,m,ar,c,2,1,0,1,0,quéis,0,1,enmarquéis
enmarcar,ar,mar,m,ar,c,3,1,0,1,0,quen,0,1,enmarquen
enmarcar,ar,mar,m,ar,c,3,0,0,2,0,que,0,1,enmarque
enmarcar,ar,mar,m,ar,c,1,1,0,2,0,quemos,0,1,enmarquemos
enmarcar,ar,mar,m,ar,c,3,1,0,2,0,quen,0,1,enmarquen
recoger,er,co,NULL,co,g,1,0,0,0,0,jo,0,1,recojo
recoger,er,co,NULL,co,g,1,0,0,1,0,ja,0,1,recoja
recoger,er,co,NULL,co,g,2,0,0,1,0,jas,0,1,recojas
recoger,er,co,NULL,co,g,3,0,0,1,0,ja,0,1,recoja
recoger,er,co,NULL,co,g,1,1,0,1,0,jamos,0,1,recojamos
recoger,er,co,NULL,co,g,2,1,0,1,0,jáis,0,1,recojáis
recoger,er,co,NULL,co,g,3,1,0,1,0,jan,0,1,recojan
recoger,er,co,NULL,co,g,3,0,0,2,0,ja,0,1,recoja
recoger,er,co,NULL,co,g,1,1,0,2,0,jamos,0,1,recojamos
recoger,er,co,NULL,co,g,3,1,0,2,0,jan,0,1,recojan
gruñir,ir,gru,g,ru,ñ,3,0,2,0,0,ó,0,1,gruñó
gruñir,ir,gru,g,ru,ñ,3,1,2,0,0,eron,0,1,gruñeron
gruñir,ir,gru,g,ru,ñ,1,0,1,1,0,era,0,1,gruñera
gruñir,ir,gru,g,ru,ñ,2,0,1,1,0,eras,0,1,gruñeras
gruñir,ir,gru,g,ru,ñ,3,0,1,1,0,era,0,1,gruñera
gruñir,ir,gru,g,ru,ñ,1,1,1,1,0,éramos,0,1,gruñéramos
gruñir,ir,gru,g,ru,ñ,2,1,1,1,0,erais,0,1,gruñerais
gruñir,ir,gru,g,ru,ñ,3,1,1,1,0,eran,0,1,gruñeran
gruñir,ir,gru,g,ru,ñ,1,0,3,1,0,ere,0,1,gruñere
gruñir,ir,gru,g,ru,ñ,2,0,3,1,0,eres,0,1,gruñeres
gruñir,ir,gru,g,ru,ñ,3,0,3,1,0,ere,0,1,gruñere
gruñir,ir,gru,g,ru,ñ,1,1,3,1,0,éremos,0,1,gruñéremos
gruñir,ir,gru,g,ru,ñ,2,1,3,1,0,ereis,0,1,gruñereis
gruñir,ir,gru,g,ru,ñ,3,1,3,1,0,eren,0,1,gruñeren
entregar,ar,tre,t,re,g,1,0,2,0,0,ué,0,1,entregué
entregar,ar,tre,t,re,g,1,0,0,1,0,ue,0,1,entregue
entregar,ar,tre,t,re,g,2,0,0,1,0,ues,0,1,entregues
entregar,ar,tre,t,re,g,3,0,0,1,0,ue,0,1,entregue
entregar,ar,tre,t,re,g,1,1,0,1,0,uemos,0,1,entreguemos
entregar,ar,tre,t,re,g,2,1,0,1,0,uéis,0,1,entreguéis
entregar,ar,tre,t,re,g,3,1,0,1,0,uen,0,1,entreguen
entregar,ar,tre,t,re,g,3,0,0,2,0,ue,0,1,entregue
entregar,ar,tre,t,re,g,1,1,0,2,0,uemos,0,1,entreguemos
entregar,ar,tre,t,re,g,3,1,0,2,0,uen,0,1,entreguen
colgar,ar,col,c,ol,g,1,0,2,0,0,ué,0,1,colgué
colgar,ar,col,c,ol,g,1,1,0,1,0,uemos,0,1,colguemos
colgar,ar,col,c,ol,g,2,1,0,1,0,uéis,0,1,colguéis
colgar,ar,col,c,ol,g,1,1,0,2,0,uemos,0,1,colguemos
ahorcar,ar,hor,h,or,c,1,0,2,0,0,qué,0,1,ahorqué
ahorcar,ar,hor,h,or,c,1,0,0,1,0,que,0,1,ahorque
ahorcar,ar,hor,h,or,c,2,0,0,1,0,ques,0,1,ahorques
ahorcar,ar,hor,h,or,c,3,0,0,1,0,que,0,1,ahorque
ahorcar,ar,hor,h,or,c,1,1,0,1,0,quemos,0,1,ahorquemos
ahorcar,ar,hor,h,or,c,2,1,0,1,0,quéis,0,1,ahorquéis
ahorcar,ar,hor,h,or,c,3,1,0,1,0,quen,0,1,ahorquen
ahorcar,ar,hor,h,or,c,3,0,0,2,0,que,0,1,ahorque
ahorcar,ar,hor,h,or,c,1,1,0,2,0,quemos,0,1,ahorquemos
ahorcar,ar,hor,h,or,c,3,1,0,2,0,quen,0,1,ahorquen
encabezar,ar,be,NULL,be,z,1,0,2,0,0,cé,0,1,encabecé
encabezar,ar,be,NULL,be,z,1,0,0,1,0,ce,0,1,encabece
encabezar,ar,be,NULL,be,z,2,0,0,1,0,ces,0,1,encabeces
encabezar,ar,be,NULL,be,z,3,0,0,1,0,ce,0,1,encabece
encabezar,ar,be,NULL,be,z,1,1,0,1,0,cemos,0,1,encabecemos
encabezar,ar,be,NULL,be,z,2,1,0,1,0,céis,0,1,encabecéis
encabezar,ar,be,NULL,be,z,3,1,0,1,0,cen,0,1,encabecen
encabezar,ar,be,NULL,be,z,3,0,0,2,0,ce,0,1,encabece
encabezar,ar,be,NULL,be,z,1,1,0,2,0,cemos,0,1,encabecemos
encabezar,ar,be,NULL,be,z,3,1,0,2,0,cen,0,1,encabecen
abrazar,ar,bra,b,ra,z,1,0,2,0,0,cé,0,1,abracé
abrazar,ar,bra,b,ra,z,1,0,0,1,0,ce,0,1,abrace
abrazar,ar,bra,b,ra,z,2,0,0,1,0,ces,0,1,abraces
abrazar,ar,bra,b,ra,z,3,0,0,1,0,ce,0,1,abrace
abrazar,ar,bra,b,ra,z,1,1,0,1,0,cemos,0,1,abracemos
abrazar,ar,bra,b,ra,z,2,1,0,1,0,céis,0,1,abracéis
abrazar,ar,bra,b,ra,z,3,1,0,1,0,cen,0,1,abracen
abrazar,ar,bra,b,ra,z,3,0,0,2,0,ce,0,1,abrace
abrazar,ar,bra,b,ra,z,1,1,0,2,0,cemos,0,1,abracemos
abrazar,ar,bra,b,ra,z,3,1,0,2,0,cen,0,1,abracen
identificar,ar,fi,NULL,fi,c,1,0,2,0,0,qué,0,1,identifiqué
identificar,ar,fi,NULL,fi,c,1,0,0,1,0,que,0,1,identifique
identificar,ar,fi,NULL,fi,c,2,0,0,1,0,ques,0,1,identifiques
identificar,ar,fi,NULL,fi,c,3,0,0,1,0,que,0,1,identifique
identificar,ar,fi,NULL,fi,c,1,1,0,1,0,quemos,0,1,identifiquemos
identificar,ar,fi,NULL,fi,c,2,1,0,1,0,quéis,0,1,identifiquéis
identificar,ar,fi,NULL,fi,c,3,1,0,1,0,quen,0,1,identifiquen
identificar,ar,fi,NULL,fi,c,3,0,0,2,0,que,0,1,identifique
identificar,ar,fi,NULL,fi,c,1,1,0,2,0,quemos,0,1,identifiquemos
identificar,ar,fi,NULL,fi,c,3,1,0,2,0,quen,0,1,identifiquen
incluir,ir,in,NULL,in,clu,1,0,0,0,0,yo,0,1,incluyo
incluir,ir,in,NULL,in,clu,2,0,0,0,0,yes,0,1,incluyes
incluir,ir,in,NULL,in,clu,3,0,0,0,0,ye,0,1,incluye
incluir,ir,in,NULL,in,clu,3,1,0,0,0,yen,0,1,incluyen
incluir,ir,in,NULL,in,clu,3,0,2,0,0,yó,0,1,incluyó
incluir,ir,in,NULL,in,clu,3,1,2,0,0,yeron,0,1,incluyeron
incluir,ir,in,NULL,in,clu,1,0,0,1,0,ya,0,1,incluya
incluir,ir,in,NULL,in,clu,2,0,0,1,0,yas,0,1,incluyas
incluir,ir,in,NULL,in,clu,3,0,0,1,0,ya,0,1,incluya
incluir,ir,in,NULL,in,clu,1,1,0,1,0,yamos,0,1,incluyamos
incluir,ir,in,NULL,in,clu,2,1,0,1,0,yáis,0,1,incluyáis
incluir,ir,in,NULL,in,clu,3,1,0,1,0,yan,0,1,incluyan
incluir,ir,in,NULL,in,clu,1,0,1,1,0,yera,0,1,incluyera
incluir,ir,in,NULL,in,clu,2,0,1,1,0,yeras,0,1,incluyeras
incluir,ir,in,NULL,in,clu,3,0,1,1,0,yera,0,1,incluyera
incluir,ir,in,NULL,in,clu,1,1,1,1,0,yéramos,0,1,incluyéramos
incluir,ir,in,NULL,in,clu,2,1,1,1,0,yerais,0,1,incluyerais
incluir,ir,in,NULL,in,clu,3,1,1,1,0,yeran,0,1,incluyeran
incluir,ir,in,NULL,in,clu,1,0,3,1,0,yere,0,1,incluyere
incluir,ir,in,NULL,in,clu,2,0,3,1,0,yeres,0,1,incluyeres
incluir,ir,in,NULL,in,clu,3,0,3,1,0,yere,0,1,incluyere
incluir,ir,in,NULL,in,clu,1,1,3,1,0,yéremos,0,1,incluyéremos
incluir,ir,in,NULL,in,clu,2,1,3,1,0,yereis,0,1,incluyereis
incluir,ir,in,NULL,in,clu,3,1,3,1,0,yeren,0,1,incluyeren
incluir,ir,in,NULL,in,clu,2,0,0,2,0,ye,0,1,incluye
incluir,ir,in,NULL,in,clu,3,0,0,2,0,ya,0,1,incluya
incluir,ir,in,NULL,in,clu,1,1,0,2,0,yamos,0,1,incluyamos
incluir,ir,in,NULL,in,clu,3,1,0,2,0,yan,0,1,incluyan
instruir,ir,ins,i,ns,tru,1,0,0,0,0,yo,0,1,instruyo
instruir,ir,ins,i,ns,tru,2,0,0,0,0,yes,0,1,instruyes
instruir,ir,ins,i,ns,tru,3,0,0,0,0,ye,0,1,instruye
instruir,ir,ins,i,ns,tru,3,1,0,0,0,yen,0,1,instruyen
instruir,ir,ins,i,ns,tru,3,0,2,0,0,yó,0,1,instruyó
instruir,ir,ins,i,ns,tru,3,1,2,0,0,yeron,0,1,instruyeron
instruir,ir,ins,i,ns,tru,1,0,0,1,0,ya,0,1,instruya
instruir,ir,ins,i,ns,tru,2,0,0,1,0,yas,0,1,instruyas
instruir,ir,ins,i,ns,tru,3,0,0,1,0,ya,0,1,instruya
instruir,ir,ins,i,ns,tru,1,1,0,1,0,yamos,0,1,instruyamos
instruir,ir,ins,i,ns,tru,2,1,0,1,0,yáis,0,1,instruyáis
instruir,ir,ins,i,ns,tru,3,1,0,1,0,yan,0,1,instruyan
instruir,ir,ins,i,ns,tru,1,0,1,1,0,yera,0,1,instruyera
instruir,ir,ins,i,ns,tru,2,0,1,1,0,yeras,0,1,instruyeras
instruir,ir,ins,i,ns,tru,3,0,1,1,0,yera,0,1,instruyera
instruir,ir,ins,i,ns,tru,1,1,1,1,0,yéramos,0,1,instruyéramos
instruir,ir,ins,i,ns,tru,2,1,1,1,0,yerais,0,1,instruyerais
instruir,ir,ins,i,ns,tru,3,1,1,1,0,yeran,0,1,instruyeran
instruir,ir,ins,i,ns,tru,1,0,3,1,0,yere,0,1,instruyere
instruir,ir,ins,i,ns,tru,2,0,3,1,0,yeres,0,1,instruyeres
instruir,ir,ins,i,ns,tru,3,0,3,1,0,yere,0,1,instruyere
instruir,ir,ins,i,ns,tru,1,1,3,1,0,yéremos,0,1,instruyéremos
instruir,ir,ins,i,ns,tru,2,1,3,1,0,yereis,0,1,instruyereis
instruir,ir,ins,i,ns,tru,3,1,3,1,0,yeren,0,1,instruyeren
instruir,ir,ins,i,ns,tru,2,0,0,2,0,ye,0,1,instruye
instruir,ir,ins,i,ns,tru,3,0,0,2,0,ya,0,1,instruya
instruir,ir,ins,i,ns,tru,1,1,0,2,0,yamos,0,1,instruyamos
instruir,ir,ins,i,ns,tru,3,1,0,2,0,yan,0,1,instruyan
juzgar,ar,juz,j,uz,g,1,0,2,0,0,ué,0,1,juzgué
juzgar,ar,juz,j,uz,g,1,0,0,1,0,ue,0,1,juzgue
juzgar,ar,juz,j,uz,g,2,0,0,1,0,ues,0,1,juzgues
juzgar,ar,juz,j,uz,g,3,0,0,1,0,ue,0,1,juzgue
juzgar,ar,juz,j,uz,g,1,1,0,1,0,uemos,0,1,juzguemos
juzgar,ar,juz,j,uz,g,2,1,0,1,0,uéis,0,1,juzguéis
juzgar,ar,juz,j,uz,g,3,1,0,1,0,uen,0,1,juzguen
juzgar,ar,juz,j,uz,g,3,0,0,2,0,ue,0,1,juzgue
juzgar,ar,juz,j,uz,g,1,1,0,2,0,uemos,0,1,juzguemos
juzgar,ar,juz,j,uz,g,3,1,0,2,0,uen,0,1,juzguen
aterrizar,ar,rri,r,ri,z,1,0,2,0,0,cé,0,1,aterricé
aterrizar,ar,rri,r,ri,z,1,0,0,1,0,ce,0,1,aterrice
aterrizar,ar,rri,r,ri,z,2,0,0,1,0,ces,0,1,aterrices
aterrizar,ar,rri,r,ri,z,3,0,0,1,0,ce,0,1,aterrice
aterrizar,ar,rri,r,ri,z,1,1,0,1,0,cemos,0,1,aterricemos
aterrizar,ar,rri,r,ri,z,2,1,0,1,0,céis,0,1,aterricéis
aterrizar,ar,rri,r,ri,z,3,1,0,1,0,cen,0,1,aterricen
aterrizar,ar,rri,r,ri,z,3,0,0,2,0,ce,0,1,aterrice
aterrizar,ar,rri,r,ri,z,1,1,0,2,0,cemos,0,1,aterricemos
aterrizar,ar,rri,r,ri,z,3,1,0,2,0,cen,0,1,aterricen
lanzar,ar,lan,l,an,z,1,0,2,0,0,cé,0,1,lancé
lanzar,ar,lan,l,an,z,1,0,0,1,0,ce,0,1,lance
lanzar,ar,lan,l,an,z,2,0,0,1,0,ces,0,1,lances
lanzar,ar,lan,l,an,z,3,0,0,1,0,ce,0,1,lance
lanzar,ar,lan,l,an,z,1,1,0,1,0,cemos,0,1,lancemos
lanzar,ar,lan,l,an,z,2,1,0,1,0,céis,0,1,lancéis
lanzar,ar,lan,l,an,z,3,1,0,1,0,cen,0,1,lancen
lanzar,ar,lan,l,an,z,3,0,0,2,0,ce,0,1,lance
lanzar,ar,lan,l,an,z,1,1,0,2,0,cemos,0,1,lancemos
lanzar,ar,lan,l,an,z,3,1,0,2,0,cen,0,1,lancen
marcar,ar,mar,m,ar,c,1,0,2,0,0,qué,0,1,marqué
marcar,ar,mar,m,ar,c,1,0,0,1,0,que,0,1,marque
marcar,ar,mar,m,ar,c,2,0,0,1,0,ques,0,1,marques
marcar,ar,mar,m,ar,c,3,0,0,1,0,que,0,1,marque
marcar,ar,mar,m,ar,c,1,1,0,1,0,quemos,0,1,marquemos
marcar,ar,mar,m,ar,c,2,1,0,1,0,quéis,0,1,marquéis
marcar,ar,mar,m,ar,c,3,1,0,1,0,quen,0,1,marquen
marcar,ar,mar,m,ar,c,3,0,0,2,0,que,0,1,marque
marcar,ar,mar,m,ar,c,1,1,0,2,0,quemos,0,1,marquemos
marcar,ar,mar,m,ar,c,3,1,0,2,0,quen,0,1,marquen
hacer,er,ha,NULL,ha,c,1,0,0,0,0,go,0,1,hago
hacer,er,ha,NULL,ha,c,1,0,3,0,0,ré,0,1,haré
hacer,er,ha,NULL,ha,c,2,0,3,0,0,rás,0,1,harás
hacer,er,ha,NULL,ha,c,3,0,3,0,0,rá,0,1,hará
hacer,er,ha,NULL,ha,c,1,1,3,0,0,remos,0,1,haremos
hacer,er,ha,NULL,ha,c,2,1,3,0,0,réis,0,1,haréis
hacer,er,ha,NULL,ha,c,3,1,3,0,0,rán,0,1,harán
hacer,er,ha,NULL,ha,c,1,0,4,0,0,ría,0,1,haría
hacer,er,ha,NULL,ha,c,2,0,4,0,0,rías,0,1,harías
hacer,er,ha,NULL,ha,c,3,0,4,0,0,ría,0,1,haría
hacer,er,ha,NULL,ha,c,1,1,4,0,0,ríamos,0,1,haríamos
hacer,er,ha,NULL,ha,c,2,1,4,0,0,ríais,0,1,haríais
hacer,er,ha,NULL,ha,c,3,1,4,0,0,rían,0,1,harían
hacer,er,ha,NULL,ha,c,1,0,0,1,0,ga,0,1,haga
hacer,er,ha,NULL,ha,c,2,0,0,1,0,gas,0,1,hagas
hacer,er,ha,NULL,ha,c,3,0,0,1,0,ga,0,1,haga
hacer,er,ha,NULL,ha,c,1,1,0,1,0,gamos,0,1,hagamos
hacer,er,ha,NULL,ha,c,2,1,0,1,0,gáis,0,1,hagáis
hacer,er,ha,NULL,ha,c,3,1,0,1,0,gan,0,1,hagan
hacer,er,ha,NULL,ha,c,3,0,0,2,0,ga,0,1,haga
hacer,er,ha,NULL,ha,c,1,1,0,2,0,gamos,0,1,hagamos
hacer,er,ha,NULL,ha,c,3,1,0,2,0,gan,0,1,hagan
memorizar,ar,ri,NULL,ri,z,1,0,2,0,0,cé,0,1,memoricé
memorizar,ar,ri,NULL,ri,z,1,0,0,1,0,ce,0,1,memorice
memorizar,ar,ri,NULL,ri,z,2,0,0,1,0,ces,0,1,memorices
memorizar,ar,ri,NULL,ri,z,3,0,0,1,0,ce,0,1,memorice
memorizar,ar,ri,NULL,ri,z,1,1,0,1,0,cemos,0,1,memoricemos
memorizar,ar,ri,NULL,ri,z,2,1,0,1,0,céis,0,1,memoricéis
memorizar,ar,ri,NULL,ri,z,3,1,0,1,0,cen,0,1,memoricen
memorizar,ar,ri,NULL,ri,z,3,0,0,2,0,ce,0,1,memorice
memorizar,ar,ri,NULL,ri,z,1,1,0,2,0,cemos,0,1,memoricemos
memorizar,ar,ri,NULL,ri,z,3,1,0,2,0,cen,0,1,memoricen
multiplicar,ar,pli,p,li,c,1,0,2,0,0,qué,0,1,multipliqué
multiplicar,ar,pli,p,li,c,1,0,0,1,0,que,0,1,multiplique
multiplicar,ar,pli,p,li,c,2,0,0,1,0,ques,0,1,multipliques
multiplicar,ar,pli,p,li,c,3,0,0,1,0,que,0,1,multiplique
multiplicar,ar,pli,p,li,c,1,1,0,1,0,quemos,0,1,multipliquemos
multiplicar,ar,pli,p,li,c,2,1,0,1,0,quéis,0,1,multipliquéis
multiplicar,ar,pli,p,li,c,3,1,0,1,0,quen,0,1,multipliquen
multiplicar,ar,pli,p,li,c,3,0,0,2,0,que,0,1,multiplique
multiplicar,ar,pli,p,li,c,1,1,0,2,0,quemos,0,1,multipliquemos
multiplicar,ar,pli,p,li,c,3,1,0,2,0,quen,0,1,multipliquen
empacar,ar,pa,NULL,pa,c,1,0,2,0,0,qué,0,1,empaqué
empacar,ar,pa,NULL,pa,c,1,0,0,1,0,que,0,1,empaque
empacar,ar,pa,NULL,pa,c,2,0,0,1,0,ques,0,1,empaques
empacar,ar,pa,NULL,pa,c,3,0,0,1,0,que,0,1,empaque
empacar,ar,pa,NULL,pa,c,1,1,0,1,0,quemos,0,1,empaquemos
empacar,ar,pa,NULL,pa,c,2,1,0,1,0,quéis,0,1,empaquéis
empacar,ar,pa,NULL,pa,c,3,1,0,1,0,quen,0,1,empaquen
empacar,ar,pa,NULL,pa,c,3,0,0,2,0,que,0,1,empaque
empacar,ar,pa,NULL,pa,c,1,1,0,2,0,quemos,0,1,empaquemos
empacar,ar,pa,NULL,pa,c,3,1,0,2,0,quen,0,1,empaquen
pegar,ar,pe,NULL,pe,g,1,0,2,0,0,ué,0,1,pegué
pegar,ar,pe,NULL,pe,g,1,0,0,1,0,ue,0,1,pegue
pegar,ar,pe,NULL,pe,g,2,0,0,1,0,ues,0,1,pegues
pegar,ar,pe,NULL,pe,g,3,0,0,1,0,ue,0,1,pegue
pegar,ar,pe,NULL,pe,g,1,1,0,1,0,uemos,0,1,peguemos
pegar,ar,pe,NULL,pe,g,2,1,0,1,0,uéis,0,1,peguéis
pegar,ar,pe,NULL,pe,g,3,1,0,1,0,uen,0,1,peguen
pegar,ar,pe,NULL,pe,g,3,0,0,2,0,ue,0,1,pegue
pegar,ar,pe,NULL,pe,g,1,1,0,2,0,uemos,0,1,peguemos
pegar,ar,pe,NULL,pe,g,3,1,0,2,0,uen,0,1,peguen
planificar,ar,fi,NULL,fi,c,1,0,2,0,0,qué,0,1,planifiqué
planificar,ar,fi,NULL,fi,c,1,0,0,1,0,que,0,1,planifique
planificar,ar,fi,NULL,fi,c,2,0,0,1,0,ques,0,1,planifiques
planificar,ar,fi,NULL,fi,c,3,0,0,1,0,que,0,1,planifique
planificar,ar,fi,NULL,fi,c,1,1,0,1,0,quemos,0,1,planifiquemos
planificar,ar,fi,NULL,fi,c,2,1,0,1,0,quéis,0,1,planifiquéis
planificar,ar,fi,NULL,fi,c,3,1,0,1,0,quen,0,1,planifiquen
planificar,ar,fi,NULL,fi,c,3,0,0,2,0,que,0,1,planifique
planificar,ar,fi,NULL,fi,c,1,1,0,2,0,quemos,0,1,planifiquemos
planificar,ar,fi,NULL,fi,c,3,1,0,2,0,quen,0,1,planifiquen
ubicar,ar,bi,NULL,bi,c,1,0,2,0,0,qué,0,1,ubiqué
ubicar,ar,bi,NULL,bi,c,1,0,0,1,0,que,0,1,ubique
ubicar,ar,bi,NULL,bi,c,2,0,0,1,0,ques,0,1,ubiques
ubicar,ar,bi,NULL,bi,c,3,0,0,1,0,que,0,1,ubique
ubicar,ar,bi,NULL,bi,c,1,1,0,1,0,quemos,0,1,ubiquemos
ubicar,ar,bi,NULL,bi,c,2,1,0,1,0,quéis,0,1,ubiquéis
ubicar,ar,bi,NULL,bi,c,3,1,0,1,0,quen,0,1,ubiquen
ubicar,ar,bi,NULL,bi,c,3,0,0,2,0,que,0,1,ubique
ubicar,ar,bi,NULL,bi,c,1,1,0,2,0,quemos,0,1,ubiquemos
ubicar,ar,bi,NULL,bi,c,3,1,0,2,0,quen,0,1,ubiquen
tocar,ar,to,NULL,to,c,1,0,2,0,0,qué,0,1,toqué
tocar,ar,to,NULL,to,c,1,0,0,1,0,que,0,1,toque
tocar,ar,to,NULL,to,c,2,0,0,1,0,ques,0,1,toques
tocar,ar,to,NULL,to,c,3,0,0,1,0,que,0,1,toque
tocar,ar,to,NULL,to,c,1,1,0,1,0,quemos,0,1,toquemos
tocar,ar,to,NULL,to,c,2,1,0,1,0,quéis,0,1,toquéis
tocar,ar,to,NULL,to,c,3,1,0,1,0,quen,0,1,toquen
tocar,ar,to,NULL,to,c,3,0,0,2,0,que,0,1,toque
tocar,ar,to,NULL,to,c,1,1,0,2,0,quemos,0,1,toquemos
tocar,ar,to,NULL,to,c,3,1,0,2,0,quen,0,1,toquen
jugar,ar,ju,NULL,ju,g,1,0,2,0,0,ué,0,1,jugué
jugar,ar,ju,NULL,ju,g,1,1,0,1,0,uemos,0,1,juguemos
jugar,ar,ju,NULL,ju,g,2,1,0,1,0,uéis,0,1,juguéis
jugar,ar,ju,NULL,ju,g,1,1,0,2,0,uemos,0,1,juguemos
complacer,er,pla,p,la,c,3,0,2,0,0,ió,0,1,complació
complacer,er,pla,p,la,c,3,1,2,0,0,ieron,0,1,complacieron
complacer,er,pla,p,la,c,3,0,1,1,0,iera,0,1,complaciera
complacer,er,pla,p,la,c,3,1,1,1,0,ieran,0,1,complacieran
complacer,er,pla,p,la,c,3,0,3,1,0,iere,0,1,complaciere
complacer,er,pla,p,la,c,3,1,3,1,0,ieren,0,1,complacieren
poseer,er,se,NULL,se,NULL,2,0,2,0,0,íste,0,1,poseíste
poseer,er,se,NULL,se,NULL,3,0,2,0,0,yó,0,1,poseyó
poseer,er,se,NULL,se,NULL,1,1,2,0,0,ímos,0,1,poseímos
poseer,er,se,NULL,se,NULL,2,1,2,0,0,ísteis,0,1,poseísteis
poseer,er,se,NULL,se,NULL,3,1,2,0,0,yeron,0,1,poseyeron
poseer,er,se,NULL,se,NULL,1,0,1,1,0,yera,0,1,poseyera
poseer,er,se,NULL,se,NULL,2,0,1,1,0,yeras,0,1,poseyeras
poseer,er,se,NULL,se,NULL,3,0,1,1,0,yera,0,1,poseyera
poseer,er,se,NULL,se,NULL,1,1,1,1,0,yéramos,0,1,poseyéramos
poseer,er,se,NULL,se,NULL,2,1,1,1,0,yerais,0,1,poseyerais
poseer,er,se,NULL,se,NULL,3,1,1,1,0,yeran,0,1,poseyeran
poseer,er,se,NULL,se,NULL,1,0,3,1,0,yere,0,1,poseyere
poseer,er,se,NULL,se,NULL,2,0,3,1,0,yeres,0,1,poseyeres
poseer,er,se,NULL,se,NULL,3,0,3,1,0,yere,0,1,poseyere
poseer,er,se,NULL,se,NULL,1,1,3,1,0,yéremos,0,1,poseyéremos
poseer,er,se,NULL,se,NULL,2,1,3,1,0,yereis,0,1,poseyereis
poseer,er,se,NULL,se,NULL,3,1,3,1,0,yeren,0,1,poseyeren
practicar,ar,ti,NULL,ti,c,1,0,2,0,0,qué,0,1,practiqué
practicar,ar,ti,NULL,ti,c,1,0,0,1,0,que,0,1,practique
practicar,ar,ti,NULL,ti,c,2,0,0,1,0,ques,0,1,practiques
practicar,ar,ti,NULL,ti,c,3,0,0,1,0,que,0,1,practique
practicar,ar,ti,NULL,ti,c,1,1,0,1,0,quemos,0,1,practiquemos
practicar,ar,ti,NULL,ti,c,2,1,0,1,0,quéis,0,1,practiquéis
practicar,ar,ti,NULL,ti,c,3,1,0,1,0,quen,0,1,practiquen
practicar,ar,ti,NULL,ti,c,3,0,0,2,0,que,0,1,practique
practicar,ar,ti,NULL,ti,c,1,1,0,2,0,quemos,0,1,practiquemos
practicar,ar,ti,NULL,ti,c,3,1,0,2,0,quen,0,1,practiquen
rezar,ar,re,NULL,re,z,1,0,2,0,0,cé,0,1,recé
rezar,ar,re,NULL,re,z,1,0,0,1,0,ce,0,1,rece
rezar,ar,re,NULL,re,z,2,0,0,1,0,ces,0,1,reces
rezar,ar,re,NULL,re,z,3,0,0,1,0,ce,0,1,rece
rezar,ar,re,NULL,re,z,1,1,0,1,0,cemos,0,1,recemos
rezar,ar,re,NULL,re,z,2,1,0,1,0,céis,0,1,recéis
rezar,ar,re,NULL,re,z,3,1,0,1,0,cen,0,1,recen
rezar,ar,re,NULL,re,z,3,0,0,2,0,ce,0,1,rece
rezar,ar,re,NULL,re,z,1,1,0,2,0,cemos,0,1,recemos
rezar,ar,re,NULL,re,z,3,1,0,2,0,cen,0,1,recen
fingir,ir,fin,f,in,g,1,0,0,0,0,jo,0,1,finjo
fingir,ir,fin,f,in,g,1,0,0,1,0,ja,0,1,finja
fingir,ir,fin,f,in,g,2,0,0,1,0,jas,0,1,finjas
fingir,ir,fin,f,in,g,3,0,0,1,0,ja,0,1,finja
fingir,ir,fin,f,in,g,1,1,0,1,0,jamos,0,1,finjamos
fingir,ir,fin,f,in,g,2,1,0,1,0,jáis,0,1,finjáis
fingir,ir,fin,f,in,g,3,1,0,1,0,jan,0,1,finjan
fingir,ir,fin,f,in,g,3,0,0,2,0,ja,0,1,finja
fingir,ir,fin,f,in,g,1,1,0,2,0,jamos,0,1,finjamos
fingir,ir,fin,f,in,g,3,1,0,2,0,jan,0,1,finjan
producir,ir,du,NULL,du,c,1,0,2,0,0,je,0,1,produje
producir,ir,du,NULL,du,c,2,0,2,0,0,jiste,0,1,produjiste
producir,ir,du,NULL,du,c,3,0,2,0,0,jo,0,1,produjo
producir,ir,du,NULL,du,c,1,1,2,0,0,jimos,0,1,produjimos
producir,ir,du,NULL,du,c,2,1,2,0,0,jisteis,0,1,produjisteis
producir,ir,du,NULL,du,c,3,1,2,0,0,jeron,0,1,produjeron
producir,ir,du,NULL,du,c,1,0,1,1,0,jera,0,1,produjera
producir,ir,du,NULL,du,c,2,0,1,1,0,jeras,0,1,produjeras
producir,ir,du,NULL,du,c,3,0,1,1,0,jera,0,1,produjera
producir,ir,du,NULL,du,c,1,1,1,1,0,jéramos,0,1,produjéramos
producir,ir,du,NULL,du,c,2,1,1,1,0,jerais,0,1,produjerais
producir,ir,du,NULL,du,c,3,1,1,1,0,jeran,0,1,produjeran
producir,ir,du,NULL,du,c,1,0,3,1,0,jere,0,1,produjere
producir,ir,du,NULL,du,c,2,0,3,1,0,jeres,0,1,produjeres
producir,ir,du,NULL,du,c,3,0,3,1,0,jere,0,1,produjere
producir,ir,du,NULL,du,c,1,1,3,1,0,jéremos,0,1,produjéremos
producir,ir,du,NULL,du,c,2,1,3,1,0,jereis,0,1,produjereis
producir,ir,du,NULL,du,c,3,1,3,1,0,jeren,0,1,produjeren
proteger,er,te,NULL,te,g,1,0,0,0,0,jo,0,1,protejo
proteger,er,te,NULL,te,g,1,0,0,1,0,ja,0,1,proteja
proteger,er,te,NULL,te,g,2,0,0,1,0,jas,0,1,protejas
proteger,er,te,NULL,te,g,3,0,0,1,0,ja,0,1,proteja
proteger,er,te,NULL,te,g,1,1,0,1,0,jamos,0,1,protejamos
proteger,er,te,NULL,te,g,2,1,0,1,0,jáis,0,1,protejáis
proteger,er,te,NULL,te,g,3,1,0,1,0,jan,0,1,protejan
proteger,er,te,NULL,te,g,3,0,0,2,0,ja,0,1,proteja
proteger,er,te,NULL,te,g,1,1,0,2,0,jamos,0,1,protejamos
proteger,er,te,NULL,te,g,3,1,0,2,0,jan,0,1,protejan
proveer,er,ve,NULL,ve,NULL,2,0,2,0,0,íste,0,1,proveíste
proveer,er,ve,NULL,ve,NULL,3,0,2,0,0,yó,0,1,proveyó
proveer,er,ve,NULL,ve,NULL,1,1,2,0,0,ímos,0,1,proveímos
proveer,er,ve,NULL,ve,NULL,2,1,2,0,0,ísteis,0,1,proveísteis
proveer,er,ve,NULL,ve,NULL,3,1,2,0,0,yeron,0,1,proveyeron
proveer,er,ve,NULL,ve,NULL,1,0,1,1,0,yera,0,1,proveyera
proveer,er,ve,NULL,ve,NULL,2,0,1,1,0,yeras,0,1,proveyeras
proveer,er,ve,NULL,ve,NULL,3,0,1,1,0,yera,0,1,proveyera
proveer,er,ve,NULL,ve,NULL,1,1,1,1,0,yéramos,0,1,proveyéramos
proveer,er,ve,NULL,ve,NULL,2,1,1,1,0,yerais,0,1,proveyerais
proveer,er,ve,NULL,ve,NULL,3,1,1,1,0,yeran,0,1,proveyeran
proveer,er,ve,NULL,ve,NULL,1,0,3,1,0,yere,0,1,proveyere
proveer,er,ve,NULL,ve,NULL,2,0,3,1,0,yeres,0,1,proveyeres
proveer,er,ve,NULL,ve,NULL,3,0,3,1,0,yere,0,1,proveyere
proveer,er,ve,NULL,ve,NULL,1,1,3,1,0,yéremos,0,1,proveyéremos
proveer,er,ve,NULL,ve,NULL,2,1,3,1,0,yereis,0,1,proveyereis
proveer,er,ve,NULL,ve,NULL,3,1,3,1,0,yeren,0,1,proveyeren
castigar,ar,ti,NULL,ti,g,1,0,2,0,0,ué,0,1,castigué
castigar,ar,ti,NULL,ti,g,1,0,0,1,0,ue,0,1,castigue
castigar,ar,ti,NULL,ti,g,2,0,0,1,0,ues,0,1,castigues
castigar,ar,ti,NULL,ti,g,3,0,0,1,0,ue,0,1,castigue
castigar,ar,ti,NULL,ti,g,1,1,0,1,0,uemos,0,1,castiguemos
castigar,ar,ti,NULL,ti,g,2,1,0,1,0,uéis,0,1,castiguéis
castigar,ar,ti,NULL,ti,g,3,1,0,1,0,uen,0,1,castiguen
castigar,ar,ti,NULL,ti,g,3,0,0,2,0,ue,0,1,castigue
castigar,ar,ti,NULL,ti,g,1,1,0,2,0,uemos,0,1,castiguemos
castigar,ar,ti,NULL,ti,g,3,1,0,2,0,uen,0,1,castiguen
alcanzar,ar,can,c,an,z,1,0,2,0,0,cé,0,1,alcancé
alcanzar,ar,can,c,an,z,1,0,0,1,0,ce,0,1,alcance
alcanzar,ar,can,c,an,z,2,0,0,1,0,ces,0,1,alcances
alcanzar,ar,can,c,an,z,3,0,0,1,0,ce,0,1,alcance
alcanzar,ar,can,c,an,z,1,1,0,1,0,cemos,0,1,alcancemos
alcanzar,ar,can,c,an,z,2,1,0,1,0,céis,0,1,alcancéis
alcanzar,ar,can,c,an,z,3,1,0,1,0,cen,0,1,alcancen
alcanzar,ar,can,c,an,z,3,0,0,2,0,ce,0,1,alcance
alcanzar,ar,can,c,an,z,1,1,0,2,0,cemos,0,1,alcancemos
alcanzar,ar,can,c,an,z,3,1,0,2,0,cen,0,1,alcancen
reducir,ir,du,NULL,du,c,1,0,2,0,0,je,0,1,reduje
reducir,ir,du,NULL,du,c,2,0,2,0,0,jiste,0,1,redujiste
reducir,ir,du,NULL,du,c,3,0,2,0,0,jo,0,1,redujo
reducir,ir,du,NULL,du,c,1,1,2,0,0,jimos,0,1,redujimos
reducir,ir,du,NULL,du,c,2,1,2,0,0,jisteis,0,1,redujisteis
reducir,ir,du,NULL,du,c,3,1,2,0,0,jeron,0,1,redujeron
reducir,ir,du,NULL,du,c,1,0,1,1,0,jera,0,1,redujera
reducir,ir,du,NULL,du,c,2,0,1,1,0,jeras,0,1,redujeras
reducir,ir,du,NULL,du,c,3,0,1,1,0,jera,0,1,redujera
reducir,ir,du,NULL,du,c,1,1,1,1,0,jéramos,0,1,redujéramos
reducir,ir,du,NULL,du,c,2,1,1,1,0,jerais,0,1,redujerais
reducir,ir,du,NULL,du,c,3,1,1,1,0,jeran,0,1,redujeran
reducir,ir,du,NULL,du,c,1,0,3,1,0,jere,0,1,redujere
reducir,ir,du,NULL,du,c,2,0,3,1,0,jeres,0,1,redujeres
reducir,ir,du,NULL,du,c,3,0,3,1,0,jere,0,1,redujere
reducir,ir,du,NULL,du,c,1,1,3,1,0,jéremos,0,1,redujéremos
reducir,ir,du,NULL,du,c,2,1,3,1,0,jereis,0,1,redujereis
reducir,ir,du,NULL,du,c,3,1,3,1,0,jeren,0,1,redujeren
rechazar,ar,cha,c,ha,z,1,0,2,0,0,cé,0,1,rechacé
rechazar,ar,cha,c,ha,z,1,0,0,1,0,ce,0,1,rechace
rechazar,ar,cha,c,ha,z,2,0,0,1,0,ces,0,1,rechaces
rechazar,ar,cha,c,ha,z,3,0,0,1,0,ce,0,1,rechace
rechazar,ar,cha,c,ha,z,1,1,0,1,0,cemos,0,1,rechacemos
rechazar,ar,cha,c,ha,z,2,1,0,1,0,céis,0,1,rechacéis
rechazar,ar,cha,c,ha,z,3,1,0,1,0,cen,0,1,rechacen
rechazar,ar,cha,c,ha,z,3,0,0,2,0,ce,0,1,rechace
rechazar,ar,cha,c,ha,z,1,1,0,2,0,cemos,0,1,rechacemos
rechazar,ar,cha,c,ha,z,3,1,0,2,0,cen,0,1,rechacen
confiar,ar,con,c,on,fi,1,0,0,0,0,fío,0,1,confío
confiar,ar,con,c,on,fi,2,0,0,0,0,fías,0,1,confías
confiar,ar,con,c,on,fi,3,0,0,0,0,fía,0,1,confía
confiar,ar,con,c,on,fi,3,1,0,0,0,fían,0,1,confían
confiar,ar,con,c,on,fi,1,0,0,1,0,fíe,0,1,confíe
confiar,ar,con,c,on,fi,2,0,0,1,0,fíes,0,1,confíes
confiar,ar,con,c,on,fi,3,0,0,1,0,fíe,0,1,confíe
confiar,ar,con,c,on,fi,3,1,0,1,0,fíen,0,1,confíen
confiar,ar,con,c,on,fi,2,0,0,2,0,fía,0,1,confía
confiar,ar,con,c,on,fi,3,0,0,2,0,fíe,0,1,confíe
confiar,ar,con,c,on,fi,3,1,0,2,0,fíen,0,1,confíen
reemplazar,ar,pla,p,la,z,1,0,2,0,0,cé,0,1,reemplacé
reemplazar,ar,pla,p,la,z,1,0,0,1,0,ce,0,1,reemplace
reemplazar,ar,pla,p,la,z,2,0,0,1,0,ces,0,1,reemplaces
reemplazar,ar,pla,p,la,z,3,0,0,1,0,ce,0,1,reemplace
reemplazar,ar,pla,p,la,z,1,1,0,1,0,cemos,0,1,reemplacemos
reemplazar,ar,pla,p,la,z,2,1,0,1,0,céis,0,1,reemplacéis
reemplazar,ar,pla,p,la,z,3,1,0,1,0,cen,0,1,reemplacen
reemplazar,ar,pla,p,la,z,3,0,0,2,0,ce,0,1,reemplace
reemplazar,ar,pla,p,la,z,1,1,0,2,0,cemos,0,1,reemplacemos
reemplazar,ar,pla,p,la,z,3,1,0,2,0,cen,0,1,reemplacen
reproducir,ir,du,NULL,du,c,1,0,2,0,0,je,0,1,reproduje
reproducir,ir,du,NULL,du,c,2,0,2,0,0,jiste,0,1,reprodujiste
reproducir,ir,du,NULL,du,c,3,0,2,0,0,jo,0,1,reprodujo
reproducir,ir,du,NULL,du,c,1,1,2,0,0,jimos,0,1,reprodujimos
reproducir,ir,du,NULL,du,c,2,1,2,0,0,jisteis,0,1,reprodujisteis
reproducir,ir,du,NULL,du,c,3,1,2,0,0,jeron,0,1,reprodujeron
reproducir,ir,du,NULL,du,c,1,0,1,1,0,jera,0,1,reprodujera
reproducir,ir,du,NULL,du,c,2,0,1,1,0,jeras,0,1,reprodujeras
reproducir,ir,du,NULL,du,c,3,0,1,1,0,jera,0,1,reprodujera
reproducir,ir,du,NULL,du,c,1,1,1,1,0,jéramos,0,1,reprodujéramos
reproducir,ir,du,NULL,du,c,2,1,1,1,0,jerais,0,1,reprodujerais
reproducir,ir,du,NULL,du,c,3,1,1,1,0,jeran,0,1,reprodujeran
reproducir,ir,du,NULL,du,c,1,0,3,1,0,jere,0,1,reprodujere
reproducir,ir,du,NULL,du,c,2,0,3,1,0,jeres,0,1,reprodujeres
reproducir,ir,du,NULL,du,c,3,0,3,1,0,jere,0,1,reprodujere
reproducir,ir,du,NULL,du,c,1,1,3,1,0,jéremos,0,1,reprodujéremos
reproducir,ir,du,NULL,du,c,2,1,3,1,0,jereis,0,1,reprodujereis
reproducir,ir,du,NULL,du,c,3,1,3,1,0,jeren,0,1,reprodujeren
enjuagar,ar,jua,j,ua,g,1,0,2,0,0,ué,0,1,enjuagué
enjuagar,ar,jua,j,ua,g,1,0,0,1,0,ue,0,1,enjuague
enjuagar,ar,jua,j,ua,g,2,0,0,1,0,ues,0,1,enjuagues
enjuagar,ar,jua,j,ua,g,3,0,0,1,0,ue,0,1,enjuague
enjuagar,ar,jua,j,ua,g,1,1,0,1,0,uemos,0,1,enjuaguemos
enjuagar,ar,jua,j,ua,g,2,1,0,1,0,uéis,0,1,enjuaguéis
enjuagar,ar,jua,j,ua,g,3,1,0,1,0,uen,0,1,enjuaguen
enjuagar,ar,jua,j,ua,g,3,0,0,2,0,ue,0,1,enjuague
enjuagar,ar,jua,j,ua,g,1,1,0,2,0,uemos,0,1,enjuaguemos
enjuagar,ar,jua,j,ua,g,3,1,0,2,0,uen,0,1,enjuaguen
arriesgar,ar,rries,r,ries,g,1,0,2,0,0,ué,0,1,arriesgué
arriesgar,ar,rries,r,ries,g,1,0,0,1,0,ue,0,1,arriesgue
arriesgar,ar,rries,r,ries,g,2,0,0,1,0,ues,0,1,arriesgues
arriesgar,ar,rries,r,ries,g,3,0,0,1,0,ue,0,1,arriesgue
arriesgar,ar,rries,r,ries,g,1,1,0,1,0,uemos,0,1,arriesguemos
arriesgar,ar,rries,r,ries,g,2,1,0,1,0,uéis,0,1,arriesguéis
arriesgar,ar,rries,r,ries,g,3,1,0,1,0,uen,0,1,arriesguen
arriesgar,ar,rries,r,ries,g,3,0,0,2,0,ue,0,1,arriesgue
arriesgar,ar,rries,r,ries,g,1,1,0,2,0,uemos,0,1,arriesguemos
arriesgar,ar,rries,r,ries,g,3,1,0,2,0,uen,0,1,arriesguen
navegar,ar,ve,NULL,ve,g,1,0,2,0,0,ué,0,1,navegué
navegar,ar,ve,NULL,ve,g,1,0,0,1,0,ue,0,1,navegue
navegar,ar,ve,NULL,ve,g,2,0,0,1,0,ues,0,1,navegues
navegar,ar,ve,NULL,ve,g,3,0,0,1,0,ue,0,1,navegue
navegar,ar,ve,NULL,ve,g,1,1,0,1,0,uemos,0,1,naveguemos
navegar,ar,ve,NULL,ve,g,2,1,0,1,0,uéis,0,1,naveguéis
navegar,ar,ve,NULL,ve,g,3,1,0,1,0,uen,0,1,naveguen
navegar,ar,ve,NULL,ve,g,3,0,0,2,0,ue,0,1,navegue
navegar,ar,ve,NULL,ve,g,1,1,0,2,0,uemos,0,1,naveguemos
navegar,ar,ve,NULL,ve,g,3,1,0,2,0,uen,0,1,naveguen
satisfacer,er,fa,NULL,fa,c,1,0,0,0,0,go,0,1,satisfago
satisfacer,er,fa,NULL,fa,c,1,0,3,0,0,ré,0,1,satisfaré
satisfacer,er,fa,NULL,fa,c,2,0,3,0,0,rás,0,1,satisfarás
satisfacer,er,fa,NULL,fa,c,3,0,3,0,0,rá,0,1,satisfará
satisfacer,er,fa,NULL,fa,c,1,1,3,0,0,remos,0,1,satisfaremos
satisfacer,er,fa,NULL,fa,c,2,1,3,0,0,réis,0,1,satisfaréis
satisfacer,er,fa,NULL,fa,c,3,1,3,0,0,rán,0,1,satisfarán
satisfacer,er,fa,NULL,fa,c,1,0,4,0,0,ría,0,1,satisfaría
satisfacer,er,fa,NULL,fa,c,2,0,4,0,0,rías,0,1,satisfarías
satisfacer,er,fa,NULL,fa,c,3,0,4,0,0,ría,0,1,satisfaría
satisfacer,er,fa,NULL,fa,c,1,1,4,0,0,ríamos,0,1,satisfaríamos
satisfacer,er,fa,NULL,fa,c,2,1,4,0,0,ríais,0,1,satisfaríais
satisfacer,er,fa,NULL,fa,c,3,1,4,0,0,rían,0,1,satisfarían
satisfacer,er,fa,NULL,fa,c,1,0,0,1,0,ga,0,1,satisfaga
satisfacer,er,fa,NULL,fa,c,2,0,0,1,0,gas,0,1,satisfagas
satisfacer,er,fa,NULL,fa,c,3,0,0,1,0,ga,0,1,satisfaga
satisfacer,er,fa,NULL,fa,c,1,1,0,1,0,gamos,0,1,satisfagamos
satisfacer,er,fa,NULL,fa,c,2,1,0,1,0,gáis,0,1,satisfagáis
satisfacer,er,fa,NULL,fa,c,3,1,0,1,0,gan,0,1,satisfagan
satisfacer,er,fa,NULL,fa,c,3,0,0,2,0,ga,0,1,satisfaga
satisfacer,er,fa,NULL,fa,c,1,1,0,2,0,gamos,0,1,satisfagamos
satisfacer,er,fa,NULL,fa,c,3,1,0,2,0,gan,0,1,satisfagan
buscar,ar,bus,b,us,c,1,0,2,0,0,qué,0,1,busqué
buscar,ar,bus,b,us,c,1,0,0,1,0,que,0,1,busque
buscar,ar,bus,b,us,c,2,0,0,1,0,ques,0,1,busques
buscar,ar,bus,b,us,c,3,0,0,1,0,que,0,1,busque
buscar,ar,bus,b,us,c,1,1,0,1,0,quemos,0,1,busquemos
buscar,ar,bus,b,us,c,2,1,0,1,0,quéis,0,1,busquéis
buscar,ar,bus,b,us,c,3,1,0,1,0,quen,0,1,busquen
buscar,ar,bus,b,us,c,3,0,0,2,0,que,0,1,busque
buscar,ar,bus,b,us,c,1,1,0,2,0,quemos,0,1,busquemos
buscar,ar,bus,b,us,c,3,1,0,2,0,quen,0,1,busquen
pecar,ar,pe,NULL,pe,c,1,0,2,0,0,qué,0,1,pequé
pecar,ar,pe,NULL,pe,c,1,0,0,1,0,que,0,1,peque
pecar,ar,pe,NULL,pe,c,2,0,0,1,0,ques,0,1,peques
pecar,ar,pe,NULL,pe,c,3,0,0,1,0,que,0,1,peque
pecar,ar,pe,NULL,pe,c,1,1,0,1,0,quemos,0,1,pequemos
pecar,ar,pe,NULL,pe,c,2,1,0,1,0,quéis,0,1,pequéis
pecar,ar,pe,NULL,pe,c,3,1,0,1,0,quen,0,1,pequen
pecar,ar,pe,NULL,pe,c,3,0,0,2,0,que,0,1,peque
pecar,ar,pe,NULL,pe,c,1,1,0,2,0,quemos,0,1,pequemos
pecar,ar,pe,NULL,pe,c,3,1,0,2,0,quen,0,1,pequen
esquiar,ar,es,NULL,es,qui,1,0,0,0,0,quío,0,1,esquío
esquiar,ar,es,NULL,es,qui,2,0,0,0,0,quías,0,1,esquías
esquiar,ar,es,NULL,es,qui,3,0,0,0,0,quía,0,1,esquía
esquiar,ar,es,NULL,es,qui,3,1,0,0,0,quían,0,1,esquían
esquiar,ar,es,NULL,es,qui,1,0,0,1,0,quíe,0,1,esquíe
esquiar,ar,es,NULL,es,qui,2,0,0,1,0,quíes,0,1,esquíes
esquiar,ar,es,NULL,es,qui,3,0,0,1,0,quíe,0,1,esquíe
esquiar,ar,es,NULL,es,qui,3,1,0,1,0,quíen,0,1,esquíen
esquiar,ar,es,NULL,es,qui,2,0,0,2,0,quía,0,1,esquía
esquiar,ar,es,NULL,es,qui,3,0,0,2,0,quíe,0,1,esquíe
esquiar,ar,es,NULL,es,qui,3,1,0,2,0,quíen,0,1,esquíen
disminuir,ir,mi,NULL,mi,nu,1,0,0,0,0,yo,0,1,disminuyo
disminuir,ir,mi,NULL,mi,nu,2,0,0,0,0,yes,0,1,disminuyes
disminuir,ir,mi,NULL,mi,nu,3,0,0,0,0,ye,0,1,disminuye
disminuir,ir,mi,NULL,mi,nu,3,1,0,0,0,yen,0,1,disminuyen
disminuir,ir,mi,NULL,mi,nu,3,0,2,0,0,yó,0,1,disminuyó
disminuir,ir,mi,NULL,mi,nu,3,1,2,0,0,yeron,0,1,disminuyeron
disminuir,ir,mi,NULL,mi,nu,1,0,0,1,0,ya,0,1,disminuya
disminuir,ir,mi,NULL,mi,nu,2,0,0,1,0,yas,0,1,disminuyas
disminuir,ir,mi,NULL,mi,nu,3,0,0,1,0,ya,0,1,disminuya
disminuir,ir,mi,NULL,mi,nu,1,1,0,1,0,yamos,0,1,disminuyamos
disminuir,ir,mi,NULL,mi,nu,2,1,0,1,0,yáis,0,1,disminuyáis
disminuir,ir,mi,NULL,mi,nu,3,1,0,1,0,yan,0,1,disminuyan
disminuir,ir,mi,NULL,mi,nu,1,0,1,1,0,yera,0,1,disminuyera
disminuir,ir,mi,NULL,mi,nu,2,0,1,1,0,yeras,0,1,disminuyeras
disminuir,ir,mi,NULL,mi,nu,3,0,1,1,0,yera,0,1,disminuyera
disminuir,ir,mi,NULL,mi,nu,1,1,1,1,0,yéramos,0,1,disminuyéramos
disminuir,ir,mi,NULL,mi,nu,2,1,1,1,0,yerais,0,1,disminuyerais
disminuir,ir,mi,NULL,mi,nu,3,1,1,1,0,yeran,0,1,disminuyeran
disminuir,ir,mi,NULL,mi,nu,1,0,3,1,0,yere,0,1,disminuyere
disminuir,ir,mi,NULL,mi,nu,2,0,3,1,0,yeres,0,1,disminuyeres
disminuir,ir,mi,NULL,mi,nu,3,0,3,1,0,yere,0,1,disminuyere
disminuir,ir,mi,NULL,mi,nu,1,1,3,1,0,yéremos,0,1,disminuyéremos
disminuir,ir,mi,NULL,mi,nu,2,1,3,1,0,yereis,0,1,disminuyereis
disminuir,ir,mi,NULL,mi,nu,3,1,3,1,0,yeren,0,1,disminuyeren
disminuir,ir,mi,NULL,mi,nu,2,0,0,2,0,ye,0,1,disminuye
disminuir,ir,mi,NULL,mi,nu,3,0,0,2,0,ya,0,1,disminuya
disminuir,ir,mi,NULL,mi,nu,1,1,0,2,0,yamos,0,1,disminuyamos
disminuir,ir,mi,NULL,mi,nu,3,1,0,2,0,yan,0,1,disminuyan
roncar,ar,ron,r,on,c,1,0,2,0,0,qué,0,1,ronqué
roncar,ar,ron,r,on,c,1,0,0,1,0,que,0,1,ronque
roncar,ar,ron,r,on,c,2,0,0,1,0,ques,0,1,ronques
roncar,ar,ron,r,on,c,3,0,0,1,0,que,0,1,ronque
roncar,ar,ron,r,on,c,1,1,0,1,0,quemos,0,1,ronquemos
roncar,ar,ron,r,on,c,2,1,0,1,0,quéis,0,1,ronquéis
roncar,ar,ron,r,on,c,3,1,0,1,0,quen,0,1,ronquen
roncar,ar,ron,r,on,c,3,0,0,2,0,que,0,1,ronque
roncar,ar,ron,r,on,c,1,1,0,2,0,quemos,0,1,ronquemos
roncar,ar,ron,r,on,c,3,1,0,2,0,quen,0,1,ronquen
malcriar,ar,mal,m,al,cri,1,0,0,0,0,crío,0,1,malcrío
malcriar,ar,mal,m,al,cri,2,0,0,0,0,crías,0,1,malcrías
malcriar,ar,mal,m,al,cri,3,0,0,0,0,cría,0,1,malcría
malcriar,ar,mal,m,al,cri,3,1,0,0,0,crían,0,1,malcrían
malcriar,ar,mal,m,al,cri,1,0,0,1,0,críe,0,1,malcríe
malcriar,ar,mal,m,al,cri,2,0,0,1,0,críes,0,1,malcríes
malcriar,ar,mal,m,al,cri,3,0,0,1,0,críe,0,1,malcríe
malcriar,ar,mal,m,al,cri,3,1,0,1,0,críen,0,1,malcríen
malcriar,ar,mal,m,al,cri,2,0,0,2,0,cría,0,1,malcría
malcriar,ar,mal,m,al,cri,3,0,0,2,0,críe,0,1,malcríe
malcriar,ar,mal,m,al,cri,3,1,0,2,0,críen,0,1,malcríen
vaporizar,ar,ri,NULL,ri,z,1,0,2,0,0,cé,0,1,vaporicé
vaporizar,ar,ri,NULL,ri,z,1,0,0,1,0,ce,0,1,vaporice
vaporizar,ar,ri,NULL,ri,z,2,0,0,1,0,ces,0,1,vaporices
vaporizar,ar,ri,NULL,ri,z,3,0,0,1,0,ce,0,1,vaporice
vaporizar,ar,ri,NULL,ri,z,1,1,0,1,0,cemos,0,1,vaporicemos
vaporizar,ar,ri,NULL,ri,z,2,1,0,1,0,céis,0,1,vaporicéis
vaporizar,ar,ri,NULL,ri,z,3,1,0,1,0,cen,0,1,vaporicen
vaporizar,ar,ri,NULL,ri,z,3,0,0,2,0,ce,0,1,vaporice
vaporizar,ar,ri,NULL,ri,z,1,1,0,2,0,cemos,0,1,vaporicemos
vaporizar,ar,ri,NULL,ri,z,3,1,0,2,0,cen,0,1,vaporicen
arrancar,ar,rran,r,ran,c,1,0,2,0,0,qué,0,1,arranqué
arrancar,ar,rran,r,ran,c,1,0,0,1,0,que,0,1,arranque
arrancar,ar,rran,r,ran,c,2,0,0,1,0,ques,0,1,arranques
arrancar,ar,rran,r,ran,c,3,0,0,1,0,que,0,1,arranque
arrancar,ar,rran,r,ran,c,1,1,0,1,0,quemos,0,1,arranquemos
arrancar,ar,rran,r,ran,c,2,1,0,1,0,quéis,0,1,arranquéis
arrancar,ar,rran,r,ran,c,3,1,0,1,0,quen,0,1,arranquen
arrancar,ar,rran,r,ran,c,3,0,0,2,0,que,0,1,arranque
arrancar,ar,rran,r,ran,c,1,1,0,2,0,quemos,0,1,arranquemos
arrancar,ar,rran,r,ran,c,3,1,0,2,0,quen,0,1,arranquen
comenzar,ar,men,m,en,z,1,0,2,0,0,cé,0,1,comencé
comenzar,ar,men,m,en,z,1,1,0,1,0,cemos,0,1,comencemos
comenzar,ar,men,m,en,z,2,1,0,1,0,céis,0,1,comencéis
comenzar,ar,men,m,en,z,1,1,0,2,0,cemos,0,1,comencemos
aterrorizar,ar,ri,NULL,ri,z,1,0,2,0,0,cé,0,1,aterroricé
aterrorizar,ar,ri,NULL,ri,z,1,0,0,1,0,ce,0,1,aterrorice
aterrorizar,ar,ri,NULL,ri,z,2,0,0,1,0,ces,0,1,aterrorices
aterrorizar,ar,ri,NULL,ri,z,3,0,0,1,0,ce,0,1,aterrorice
aterrorizar,ar,ri,NULL,ri,z,1,1,0,1,0,cemos,0,1,aterroricemos
aterrorizar,ar,ri,NULL,ri,z,2,1,0,1,0,céis,0,1,aterroricéis
aterrorizar,ar,ri,NULL,ri,z,3,1,0,1,0,cen,0,1,aterroricen
aterrorizar,ar,ri,NULL,ri,z,3,0,0,2,0,ce,0,1,aterrorice
aterrorizar,ar,ri,NULL,ri,z,1,1,0,2,0,cemos,0,1,aterroricemos
aterrorizar,ar,ri,NULL,ri,z,3,1,0,2,0,cen,0,1,aterroricen
adelgazar,ar,ga,NULL,ga,z,1,0,2,0,0,cé,0,1,adelgacé
adelgazar,ar,ga,NULL,ga,z,1,0,0,1,0,ce,0,1,adelgace
adelgazar,ar,ga,NULL,ga,z,2,0,0,1,0,ces,0,1,adelgaces
adelgazar,ar,ga,NULL,ga,z,3,0,0,1,0,ce,0,1,adelgace
adelgazar,ar,ga,NULL,ga,z,1,1,0,1,0,cemos,0,1,adelgacemos
adelgazar,ar,ga,NULL,ga,z,2,1,0,1,0,céis,0,1,adelgacéis
adelgazar,ar,ga,NULL,ga,z,3,1,0,1,0,cen,0,1,adelgacen
adelgazar,ar,ga,NULL,ga,z,3,0,0,2,0,ce,0,1,adelgace
adelgazar,ar,ga,NULL,ga,z,1,1,0,2,0,cemos,0,1,adelgacemos
adelgazar,ar,ga,NULL,ga,z,3,1,0,2,0,cen,0,1,adelgacen
remolcar,ar,mol,m,ol,c,1,0,2,0,0,qué,0,1,remolqué
remolcar,ar,mol,m,ol,c,1,0,0,1,0,que,0,1,remolque
remolcar,ar,mol,m,ol,c,2,0,0,1,0,ques,0,1,remolques
remolcar,ar,mol,m,ol,c,3,0,0,1,0,que,0,1,remolque
remolcar,ar,mol,m,ol,c,1,1,0,1,0,quemos,0,1,remolquemos
remolcar,ar,mol,m,ol,c,2,1,0,1,0,quéis,0,1,remolquéis
remolcar,ar,mol,m,ol,c,3,1,0,1,0,quen,0,1,remolquen
remolcar,ar,mol,m,ol,c,3,0,0,2,0,que,0,1,remolque
remolcar,ar,mol,m,ol,c,1,1,0,2,0,quemos,0,1,remolquemos
remolcar,ar,mol,m,ol,c,3,1,0,2,0,quen,0,1,remolquen
querer,er,que,q,ue,r,1,0,3,0,0,ré,0,1,querré
querer,er,que,q,ue,r,2,0,3,0,0,rás,0,1,querrás
querer,er,que,q,ue,r,3,0,3,0,0,rá,0,1,querrá
querer,er,que,q,ue,r,1,1,3,0,0,remos,0,1,querremos
querer,er,que,q,ue,r,2,1,3,0,0,réis,0,1,querréis
querer,er,que,q,ue,r,3,1,3,0,0,rán,0,1,querrán
querer,er,que,q,ue,r,1,0,4,0,0,ría,0,1,querría
querer,er,que,q,ue,r,2,0,4,0,0,rías,0,1,querrías
querer,er,que,q,ue,r,3,0,4,0,0,ría,0,1,querría
querer,er,que,q,ue,r,1,1,4,0,0,ríamos,0,1,querríamos
querer,er,que,q,ue,r,2,1,4,0,0,ríais,0,1,querríais
querer,er,que,q,ue,r,3,1,4,0,0,rían,0,1,querrían
bostezar,ar,te,NULL,te,z,1,0,2,0,0,cé,0,1,bostecé
bostezar,ar,te,NULL,te,z,1,0,0,1,0,ce,0,1,bostece
bostezar,ar,te,NULL,te,z,2,0,0,1,0,ces,0,1,bosteces
bostezar,ar,te,NULL,te,z,3,0,0,1,0,ce,0,1,bostece
bostezar,ar,te,NULL,te,z,1,1,0,1,0,cemos,0,1,bostecemos
bostezar,ar,te,NULL,te,z,2,1,0,1,0,céis,0,1,bostecéis
bostezar,ar,te,NULL,te,z,3,1,0,1,0,cen,0,1,bostecen
bostezar,ar,te,NULL,te,z,3,0,0,2,0,ce,0,1,bostece
bostezar,ar,te,NULL,te,z,1,1,0,2,0,cemos,0,1,bostecemos
bostezar,ar,te,NULL,te,z,3,1,0,2,0,cen,0,1,bostecen
acercar,ar,cer,c,er,c,1,0,2,0,0,qué,0,1,acerqué
acercar,ar,cer,c,er,c,1,0,0,1,0,que,0,1,acerque
acercar,ar,cer,c,er,c,2,0,0,1,0,ques,0,1,acerques
acercar,ar,cer,c,er,c,3,0,0,1,0,que,0,1,acerque
acercar,ar,cer,c,er,c,1,1,0,1,0,quemos,0,1,acerquemos
acercar,ar,cer,c,er,c,2,1,0,1,0,quéis,0,1,acerquéis
acercar,ar,cer,c,er,c,3,1,0,1,0,quen,0,1,acerquen
acercar,ar,cer,c,er,c,3,0,0,2,0,que,0,1,acerque
acercar,ar,cer,c,er,c,1,1,0,2,0,quemos,0,1,acerquemos
acercar,ar,cer,c,er,c,3,1,0,2,0,quen,0,1,acerquen
